code,name,type,county_code,parent_code,ico,population,area_km2,lat,lng,website,valid_from,valid_to,successor_code
508454,Badín,obec,43,,,,,,,,,,
508471,Baláže,obec,43,,,,,,,,,,
508438,Banská Bystrica,mesto,43,,,,,,,,,,
508675,Brusno,obec,43,,,,,,,,,,
508543,Dolná Mičiná,obec,43,,,,,,,,,,
508551,Dolný Harmanec,obec,43,,,,,,,,,,
508560,Donovaly,obec,43,,,,,,,,,,
508586,Dúbravica,obec,43,,,,,,,,,,
508594,Harmanec,obec,43,,,,,,,,,,
508616,Hiadeľ,obec,43,,,,,,,,,,
508632,Horná Mičiná,obec,43,,,,,,,,,,
508641,Horné Pršany,obec,43,,,,,,,,,,
508659,Hrochoť,obec,43,,,,,,,,,,
580236,Hronsek,obec,43,,,,,,,,,,
508713,Kordíky,obec,43,,,,,,,,,,
508721,Králiky,obec,43,,,,,,,,,,
557277,Kynceľová,obec,43,,,,,,,,,,
508756,Lučatín,obec,43,,,,,,,,,,
580244,Malachov,obec,43,,,,,,,,,,
508764,Medzibrod,obec,43,,,,,,,,,,
508802,Motyčky,obec,43,,,,,,,,,,
508799,Moštenica,obec,43,,,,,,,,,,
508781,Môlča,obec,43,,,,,,,,,,
557285,Nemce,obec,43,,,,,,,,,,
508837,Oravce,obec,43,,,,,,,,,,
508861,Podkonice,obec,43,,,,,,,,,,
508896,Pohronský Bukovec,obec,43,,,,,,,,,,
508918,Poniky,obec,43,,,,,,,,,,
508926,Povrazník,obec,43,,,,,,,,,,
508942,Priechod,obec,43,,,,,,,,,,
508969,Riečka,obec,43,,,,,,,,,,
508977,Sebedín-Bečov,obec,43,,,,,,,,,,
508985,Selce,obec,43,,,,,,,,,,
509001,Slovenská Ľupča,obec,43,,,,,,,,,,
509019,Staré Hory,obec,43,,,,,,,,,,
509027,Strelníky,obec,43,,,,,,,,,,
509060,Tajov,obec,43,,,,,,,,,,
557269,Turecká,obec,43,,,,,,,,,,
557293,Vlkanová,obec,43,,,,,,,,,,
508519,Čerín,obec,43,,,,,,,,,,
508748,Ľubietová,obec,43,,,,,,,,,,
509035,Špania Dolina,obec,43,,,,,,,,,,
516627,Banská Belá,obec,44,,,,,,,,,,
516643,Banská Štiavnica,mesto,44,,,,,,,,,,
516651,Banský Studenec,obec,44,,,,,,,,,,
516601,Baďan,obec,44,,,,,,,,,,
516678,Beluj,obec,44,,,,,,,,,,
516716,Dekýš,obec,44,,,,,,,,,,
516856,Ilija,obec,44,,,,,,,,,,
516953,Kozelník,obec,44,,,,,,,,,,
517071,Močiar,obec,44,,,,,,,,,,
517143,Podhorie,obec,44,,,,,,,,,,
517160,Počúvadlo,obec,44,,,,,,,,,,
517178,Prenčov,obec,44,,,,,,,,,,
516597,Svätý Anton,obec,44,,,,,,,,,,
517372,Vysoká,obec,44,,,,,,,,,,
517283,Štiavnické Bane,obec,44,,,,,,,,,,
519014,Abrahámovce,obec,56,,,,,,,,,,
519022,Andrejová,obec,56,,,,,,,,,,
519006,Bardejov,mesto,56,,,,,,,,,,
519049,Bartošovce,obec,56,,,,,,,,,,
519057,Becherov,obec,56,,,,,,,,,,
519065,Beloveža,obec,56,,,,,,,,,,
519073,Bogliarka,obec,56,,,,,,,,,,
519081,Brezov,obec,56,,,,,,,,,,
519090,Brezovka,obec,56,,,,,,,,,,
519103,Buclovany,obec,56,,,,,,,,,,
519286,Chmeľová,obec,56,,,,,,,,,,
519111,Cigeľka,obec,56,,,,,,,,,,
519138,Dubinné,obec,56,,,,,,,,,,
519154,Frička,obec,56,,,,,,,,,,
519162,Fričkovce,obec,56,,,,,,,,,,
519171,Gaboltov,obec,56,,,,,,,,,,
519189,Gerlachov,obec,56,,,,,,,,,,
519201,Hankovce,obec,56,,,,,,,,,,
519219,Harhaj,obec,56,,,,,,,,,,
519227,Hažlín,obec,56,,,,,,,,,,
519235,Hertník,obec,56,,,,,,,,,,
519243,Hervartov,obec,56,,,,,,,,,,
519251,Hrabovec,obec,56,,,,,,,,,,
519260,Hrabské,obec,56,,,,,,,,,,
519278,Hutka,obec,56,,,,,,,,,,
519294,Janovce,obec,56,,,,,,,,,,
519308,Jedlinka,obec,56,,,,,,,,,,
519341,Kobyly,obec,56,,,,,,,,,,
519359,Kochanovce,obec,56,,,,,,,,,,
519367,Komárov,obec,56,,,,,,,,,,
519375,Koprivnica,obec,56,,,,,,,,,,
519383,Kožany,obec,56,,,,,,,,,,
519405,Krivé,obec,56,,,,,,,,,,
519421,Kružlov,obec,56,,,,,,,,,,
519413,Kríže,obec,56,,,,,,,,,,
519456,Kurima,obec,56,,,,,,,,,,
519464,Kurov,obec,56,,,,,,,,,,
519430,Kučín,obec,56,,,,,,,,,,
519324,Kľušov,obec,56,,,,,,,,,,
519472,Lascov,obec,56,,,,,,,,,,
519481,Lenartov,obec,56,,,,,,,,,,
519499,Lipová,obec,56,,,,,,,,,,
519502,Livov,obec,56,,,,,,,,,,
519511,Livovská Huta,obec,56,,,,,,,,,,
519529,Lopúchov,obec,56,,,,,,,,,,
519545,Lukavica,obec,56,,,,,,,,,,
519553,Lukov,obec,56,,,,,,,,,,
519570,Malcov,obec,56,,,,,,,,,,
519588,Marhaň,obec,56,,,,,,,,,,
519600,Mikulášová,obec,56,,,,,,,,,,
519618,Mokroluh,obec,56,,,,,,,,,,
519626,Nemcovce,obec,56,,,,,,,,,,
519634,Nižná Polianka,obec,56,,,,,,,,,,
519642,Nižná Voľa,obec,56,,,,,,,,,,
519669,Nižný Tvarožec,obec,56,,,,,,,,,,
519685,Ondavka,obec,56,,,,,,,,,,
519693,Ortuťová,obec,56,,,,,,,,,,
519707,Osikov,obec,56,,,,,,,,,,
519677,Oľšavce,obec,56,,,,,,,,,,
519715,Petrová,obec,56,,,,,,,,,,
519723,Poliakovce,obec,56,,,,,,,,,,
519731,Porúbka,obec,56,,,,,,,,,,
519936,Raslavice,obec,56,,,,,,,,,,
519740,Regetovka,obec,56,,,,,,,,,,
519758,Rešov,obec,56,,,,,,,,,,
519766,Richvald,obec,56,,,,,,,,,,
519774,Rokytov,obec,56,,,,,,,,,,
519782,Smilno,obec,56,,,,,,,,,,
519791,Snakov,obec,56,,,,,,,,,,
519804,Stebnícka Huta,obec,56,,,,,,,,,,
519812,Stebník,obec,56,,,,,,,,,,
519821,Stuľany,obec,56,,,,,,,,,,
519839,Sveržov,obec,56,,,,,,,,,,
519871,Tarnov,obec,56,,,,,,,,,,
519880,Tročany,obec,56,,,,,,,,,,
518964,Vaniškovce,obec,56,,,,,,,,,,
519901,Varadka,obec,56,,,,,,,,,,
519910,Vyšná Polianka,obec,56,,,,,,,,,,
519928,Vyšná Voľa,obec,56,,,,,,,,,,
519944,Vyšný Kručov,obec,56,,,,,,,,,,
519952,Vyšný Tvarožec,obec,56,,,,,,,,,,
519961,Zborov,obec,56,,,,,,,,,,
519979,Zlaté,obec,56,,,,,,,,,,
519847,Šarišské Čierne,obec,56,,,,,,,,,,
519855,Šašová,obec,56,,,,,,,,,,
519863,Šiba,obec,56,,,,,,,,,,
528595,Bratislava-Staré Mesto,mestska_cast,1,529000,,,,,,,,,
529311,Bratislava-Podunajské Biskupice,mestska_cast,2,529000,,,,,,,,,
529320,Bratislava-Ružinov,mestska_cast,2,529000,,,,,,,,,
529338,Bratislava-Vrakuňa,mestska_cast,2,529000,,,,,,,,,
529346,Bratislava-Nové Mesto,mestska_cast,3,529000,,,,,,,,,
529354,Bratislava-Rača,mestska_cast,3,529000,,,,,,,,,
529362,Bratislava-Vajnory,mestska_cast,3,529000,,,,,,,,,
529401,Bratislava-Devín,mestska_cast,4,529000,,,,,,,,,
529371,Bratislava-Devínska Nová Ves,mestska_cast,4,529000,,,,,,,,,
529389,Bratislava-Dúbravka,mestska_cast,4,529000,,,,,,,,,
529397,Bratislava-Karlova Ves,mestska_cast,4,529000,,,,,,,,,
529419,Bratislava-Lamač,mestska_cast,4,529000,,,,,,,,,
529427,Bratislava-Záhorská Bystrica,mestska_cast,4,529000,,,,,,,,,
529443,Bratislava-Jarovce,mestska_cast,5,529000,,,,,,,,,
529460,Bratislava-Petržalka,mestska_cast,5,529000,,,,,,,,,
529494,Bratislava-Rusovce,mestska_cast,5,529000,,,,,,,,,
529435,Bratislava-Čunovo,mestska_cast,5,529000,,,,,,,,,
508446,Bacúch,obec,45,,,,,,,,,,
508462,Beňuš,obec,45,,,,,,,,,,
508489,Braväcovo,obec,45,,,,,,,,,,
508497,Brezno,mesto,45,,,,,,,,,,
557251,Bystrá,obec,45,,,,,,,,,,
508535,Dolná Lehota,obec,45,,,,,,,,,,
508578,Drábsko,obec,45,,,,,,,,,,
508608,Heľpa,obec,45,,,,,,,,,,
508624,Horná Lehota,obec,45,,,,,,,,,,
508667,Hronec,obec,45,,,,,,,,,,
508691,Jarabá,obec,45,,,,,,,,,,
508705,Jasenie,obec,45,,,,,,,,,,
508730,Lom nad Rimavicou,obec,45,,,,,,,,,,
508772,Michalová,obec,45,,,,,,,,,,
508811,Mýto pod Ďumbierom,obec,45,,,,,,,,,,
508829,Nemecká,obec,45,,,,,,,,,,
508845,Osrblie,obec,45,,,,,,,,,,
508853,Podbrezová,obec,45,,,,,,,,,,
508870,Pohorelá,obec,45,,,,,,,,,,
508888,Pohronská Polhora,obec,45,,,,,,,,,,
508900,Polomka,obec,45,,,,,,,,,,
508934,Predajná,obec,45,,,,,,,,,,
508951,Ráztoka,obec,45,,,,,,,,,,
508993,Sihla,obec,45,,,,,,,,,,
509051,Telgárt,obec,45,,,,,,,,,,
509086,Valaská,obec,45,,,,,,,,,,
509094,Vaľkovňa,obec,45,,,,,,,,,,
509124,Závadka nad Hronom,obec,45,,,,,,,,,,
508527,Čierny Balog,obec,45,,,,,,,,,,
509043,Šumiac,obec,45,,,,,,,,,,
517461,Bytča,mesto,32,,,,,,,,,,
581984,Hlboké nad Váhom,obec,32,,,,,,,,,,
517623,Hvozdnica,obec,32,,,,,,,,,,
517631,Jablonové,obec,32,,,,,,,,,,
517674,Kolárovice,obec,32,,,,,,,,,,
517691,Kotešová,obec,32,,,,,,,,,,
517798,Maršová-Rašov,obec,32,,,,,,,,,,
517861,Petrovice,obec,32,,,,,,,,,,
517895,Predmier,obec,32,,,,,,,,,,
517992,Súľov-Hradná,obec,32,,,,,,,,,,
518085,Veľké Rovné,obec,32,,,,,,,,,,
518018,Štiavnik,obec,32,,,,,,,,,,
556793,Borčany,obec,16,,,,,,,,,,
542741,Brezolupy,obec,16,,,,,,,,,,
542652,Bánovce nad Bebravou,mesto,16,,,,,,,,,,
556408,Chudá Lehota,obec,16,,,,,,,,,,
542776,Cimenná,obec,16,,,,,,,,,,
542822,Dežerice,obec,16,,,,,,,,,,
542849,Dolné Naštice,obec,16,,,,,,,,,,
542857,Dubnička,obec,16,,,,,,,,,,
542873,Dvorec,obec,16,,,,,,,,,,
542890,Haláčovce,obec,16,,,,,,,,,,
542920,Horné Naštice,obec,16,,,,,,,,,,
543080,Krásna Ves,obec,16,,,,,,,,,,
543136,Kšinná,obec,16,,,,,,,,,,
556360,Libichava,obec,16,,,,,,,,,,
505072,Malá Hradná,obec,16,,,,,,,,,,
505102,Malé Hoste,obec,16,,,,,,,,,,
505153,Miezgovce,obec,16,,,,,,,,,,
505200,Nedašovce,obec,16,,,,,,,,,,
505277,Omastiná,obec,16,,,,,,,,,,
556289,Otrhánky,obec,16,,,,,,,,,,
505331,Pečeňany,obec,16,,,,,,,,,,
556742,Pochabany,obec,16,,,,,,,,,,
505358,Podlužany,obec,16,,,,,,,,,,
505382,Pravotice,obec,16,,,,,,,,,,
505412,Prusy,obec,16,,,,,,,,,,
505447,Ruskovce,obec,16,,,,,,,,,,
505455,Rybany,obec,16,,,,,,,,,,
505471,Slatina nad Bebravou,obec,16,,,,,,,,,,
505480,Slatinka nad Bebravou,obec,16,,,,,,,,,,
505579,Timoradza,obec,16,,,,,,,,,,
505595,Trebichava,obec,16,,,,,,,,,,
505625,Uhrovec,obec,16,,,,,,,,,,
505633,Uhrovské Podhradie,obec,16,,,,,,,,,,
505692,Veľké Chlievany,obec,16,,,,,,,,,,
545651,Veľké Držkovce,obec,16,,,,,,,,,,
505684,Veľké Hoste,obec,16,,,,,,,,,,
505765,Vysočany,obec,16,,,,,,,,,,
505790,Zlatníky,obec,16,,,,,,,,,,
542806,Čierna Lehota,obec,16,,,,,,,,,,
505056,Ľutov,obec,16,,,,,,,,,,
505552,Šišov,obec,16,,,,,,,,,,
505544,Šípkov,obec,16,,,,,,,,,,
505811,Žitná-Radiša,obec,16,,,,,,,,,,
518263,Detva,mesto,46,,,,,,,,,,
518271,Detvianska Huta,obec,46,,,,,,,,,,
518379,Dúbravy,obec,46,,,,,,,,,,
518450,Horný Tisovník,obec,46,,,,,,,,,,
518468,Hriňová,mesto,46,,,,,,,,,,
518492,Klokoč,obec,46,,,,,,,,,,
580520,Korytárky,obec,46,,,,,,,,,,
518549,Kriváň,obec,46,,,,,,,,,,
511510,Látky,obec,46,,,,,,,,,,
511731,Podkriváň,obec,46,,,,,,,,,,
518794,Slatinské Lazy,obec,46,,,,,,,,,,
518816,Stará Huta,obec,46,,,,,,,,,,
518824,Stožok,obec,46,,,,,,,,,,
518921,Vígľaš,obec,46,,,,,,,,,,
518930,Vígľašská Huta-Kalinka,obec,46,,,,,,,,,,
580813,Bziny,obec,34,,,,,,,,,,
509698,Chlebnice,obec,34,,,,,,,,,,
509639,Dlhá nad Oravou,obec,34,,,,,,,,,,
509540,Dolný Kubín,mesto,34,,,,,,,,,,
509671,Horná Lehota,obec,34,,,,,,,,,,
509701,Istebné,obec,34,,,,,,,,,,
509710,Jasenová,obec,34,,,,,,,,,,
509744,Kraľovany,obec,34,,,,,,,,,,
509761,Krivá,obec,34,,,,,,,,,,
509787,Leštiny,obec,34,,,,,,,,,,
509825,Malatiná,obec,34,,,,,,,,,,
509833,Medzibrodie nad Oravou,obec,34,,,,,,,,,,
509922,Oravská Poruba,obec,34,,,,,,,,,,
509957,Oravský Podzámok,obec,34,,,,,,,,,,
509965,Osádka,obec,34,,,,,,,,,,
509990,Pokryváč,obec,34,,,,,,,,,,
510009,Pribiš,obec,34,,,,,,,,,,
510017,Pucov,obec,34,,,,,,,,,,
509973,Párnica,obec,34,,,,,,,,,,
510041,Sedliacka Dubová,obec,34,,,,,,,,,,
510165,Veličná,obec,34,,,,,,,,,,
510181,Vyšný Kubín,obec,34,,,,,,,,,,
510211,Zázrivá,obec,34,,,,,,,,,,
510254,Žaškov,obec,34,,,,,,,,,,
501450,Baka,obec,9,,,,,,,,,,
501468,Baloň,obec,9,,,,,,,,,,
555517,Bellova Ves,obec,9,,,,,,,,,,
501484,Blahová,obec,9,,,,,,,,,,
501492,Blatná na Ostrove,obec,9,,,,,,,,,,
503461,Bodíky,obec,9,,,,,,,,,,
501506,Boheľov,obec,9,,,,,,,,,,
501441,Báč,obec,9,,,,,,,,,,
501549,Dobrohošť,obec,9,,,,,,,,,,
501557,Dolný Bar,obec,9,,,,,,,,,,
501611,Dolný Štál,obec,9,,,,,,,,,,
501433,Dunajská Streda,mesto,9,,,,,,,,,,
555541,Dunajský Klátov,obec,9,,,,,,,,,,
501573,Gabčíkovo,mesto,9,,,,,,,,,,
501581,Holice,obec,9,,,,,,,,,,
501590,Horná Potôň,obec,9,,,,,,,,,,
555568,Horné Mýto,obec,9,,,,,,,,,,
501603,Horný Bar,obec,9,,,,,,,,,,
501620,Hubice,obec,9,,,,,,,,,,
501638,Hviezdoslavov,obec,9,,,,,,,,,,
501654,Jahodná,obec,9,,,,,,,,,,
501662,Janíky,obec,9,,,,,,,,,,
501671,Jurová,obec,9,,,,,,,,,,
501697,Kostolné Kračany,obec,9,,,,,,,,,,
501701,Kráľovičove Kračany,obec,9,,,,,,,,,,
501727,Kvetoslavov,obec,9,,,,,,,,,,
580597,Kyselica,obec,9,,,,,,,,,,
501719,Kútniky,obec,9,,,,,,,,,,
501689,Kľúčovec,obec,9,,,,,,,,,,
501735,Lehnice,obec,9,,,,,,,,,,
501743,Lúč na Ostrove,obec,9,,,,,,,,,,
555606,Macov,obec,9,,,,,,,,,,
555649,Mad,obec,9,,,,,,,,,,
555665,Malé Dvorníky,obec,9,,,,,,,,,,
501760,Medveďov,obec,9,,,,,,,,,,
501786,Michal na Ostrove,obec,9,,,,,,,,,,
501778,Mierovo,obec,9,,,,,,,,,,
501808,Nový Život,obec,9,,,,,,,,,,
501816,Ohrady,obec,9,,,,,,,,,,
501824,Okoč,obec,9,,,,,,,,,,
501859,Orechová Potôň,obec,9,,,,,,,,,,
501832,Oľdza,obec,9,,,,,,,,,,
501867,Padáň,obec,9,,,,,,,,,,
501883,Pataš,obec,9,,,,,,,,,,
582522,Potônske Lúky,obec,9,,,,,,,,,,
555720,Povoda,obec,9,,,,,,,,,,
501891,Rohovce,obec,9,,,,,,,,,,
501875,Sap,obec,9,,,,,,,,,,
501921,Topoľníky,obec,9,,,,,,,,,,
555576,Trhová Hradská,obec,9,,,,,,,,,,
501956,Trnávka,obec,9,,,,,,,,,,
501964,Trstená na Ostrove,obec,9,,,,,,,,,,
501972,Veľká Paka,obec,9,,,,,,,,,,
501981,Veľké Blahovo,obec,9,,,,,,,,,,
555673,Veľké Dvorníky,obec,9,,,,,,,,,,
501522,Veľký Meder,mesto,9,,,,,,,,,,
555746,Vieska,obec,9,,,,,,,,,,
501999,Vojka nad Dunajom,obec,9,,,,,,,,,,
502006,Vrakúň,obec,9,,,,,,,,,,
502014,Vydrany,obec,9,,,,,,,,,,
502022,Zlaté Klasy,obec,9,,,,,,,,,,
501514,Čakany,obec,9,,,,,,,,,,
580554,Čenkovce,obec,9,,,,,,,,,,
501531,Čiližská Radvaň,obec,9,,,,,,,,,,
501930,Ňárad,obec,9,,,,,,,,,,
501905,Šamorín,mesto,9,,,,,,,,,,
501913,Štvrtok na Ostrove,obec,9,,,,,,,,,,
503673,Abrahám,obec,10,,,,,,,,,,
555789,Dolná Streda,obec,10,,,,,,,,,,
503746,Dolné Saliby,obec,10,,,,,,,,,,
503754,Dolný Chotár,obec,10,,,,,,,,,,
503665,Galanta,mesto,10,,,,,,,,,,
503762,Gáň,obec,10,,,,,,,,,,
503771,Horné Saliby,obec,10,,,,,,,,,,
503789,Hoste,obec,10,,,,,,,,,,
503835,Jelka,obec,10,,,,,,,,,,
503827,Jánovce,obec,10,,,,,,,,,,
503843,Kajal,obec,10,,,,,,,,,,
503860,Košúty,obec,10,,,,,,,,,,
503878,Kráľov Brod,obec,10,,,,,,,,,,
582638,Malá Mača,obec,10,,,,,,,,,,
555754,Matúškovo,obec,10,,,,,,,,,,
503924,Mostová,obec,10,,,,,,,,,,
503959,Pata,obec,10,,,,,,,,,,
503967,Pusté Sady,obec,10,,,,,,,,,,
503975,Pusté Úľany,obec,10,,,,,,,,,,
504009,Sereď,mesto,10,,,,,,,,,,
504017,Sládkovičovo,mesto,10,,,,,,,,,,
504076,Tomášikovo,obec,10,,,,,,,,,,
504084,Topoľnica,obec,10,,,,,,,,,,
504106,Trstice,obec,10,,,,,,,,,,
504122,Veľká Mača,obec,10,,,,,,,,,,
504131,Veľké Úľany,obec,10,,,,,,,,,,
504149,Veľký Grob,obec,10,,,,,,,,,,
504157,Vinohrady nad Váhom,obec,10,,,,,,,,,,
504173,Vozokany,obec,10,,,,,,,,,,
504114,Váhovce,obec,10,,,,,,,,,,
504181,Zemianske Sady,obec,10,,,,,,,,,,
503690,Čierna Voda,obec,10,,,,,,,,,,
503703,Čierny Brod,obec,10,,,,,,,,,,
504033,Šalgočka,obec,10,,,,,,,,,,
504041,Šintava,obec,10,,,,,,,,,,
504050,Šoporňa,obec,10,,,,,,,,,,
526509,Gelnica,mesto,69,,,,,,,,,,
526541,Helcmanovce,obec,69,,,,,,,,,,
526550,Henclová,obec,69,,,,,,,,,,
543144,Hrišovce,obec,69,,,,,,,,,,
543187,Jaklovce,obec,69,,,,,,,,,,
543233,Kluknava,obec,69,,,,,,,,,,
543241,Kojšov,obec,69,,,,,,,,,,
543322,Margecany,obec,69,,,,,,,,,,
543365,Mníšek nad Hnilcom,obec,69,,,,,,,,,,
543373,Nálepkovo,obec,69,,,,,,,,,,
543497,Prakovce,obec,69,,,,,,,,,,
543501,Richnava,obec,69,,,,,,,,,,
543551,Smolnícka Huta,obec,69,,,,,,,,,,
543560,Smolník,obec,69,,,,,,,,,,
543632,Stará Voda,obec,69,,,,,,,,,,
543705,Veľký Folkmar,obec,69,,,,,,,,,,
526631,Závadka,obec,69,,,,,,,,,,
543683,Úhorná,obec,69,,,,,,,,,,
543659,Švedlár,obec,69,,,,,,,,,,
526649,Žakarovce,obec,69,,,,,,,,,,
506800,Bojničky,obec,11,,,,,,,,,,
506958,Dolné Otrokovce,obec,11,,,,,,,,,,
506966,Dolné Trhovište,obec,11,,,,,,,,,,
556521,Dolné Zelenice,obec,11,,,,,,,,,,
507024,Dvorníky,obec,11,,,,,,,,,,
507032,Hlohovec,mesto,11,,,,,,,,,,
507075,Horné Otrokovce,obec,11,,,,,,,,,,
556602,Horné Trhovište,obec,11,,,,,,,,,,
556530,Horné Zelenice,obec,11,,,,,,,,,,
507130,Jalšové,obec,11,,,,,,,,,,
507202,Koplotovce,obec,11,,,,,,,,,,
507172,Kľačany,obec,11,,,,,,,,,,
507253,Leopoldov,mesto,11,,,,,,,,,,
507288,Madunice,obec,11,,,,,,,,,,
507326,Merašice,obec,11,,,,,,,,,,
507415,Pastuchov,obec,11,,,,,,,,,,
518620,Ratkovce,obec,11,,,,,,,,,,
507521,Sasinkovo,obec,11,,,,,,,,,,
507539,Siladice,obec,11,,,,,,,,,,
556611,Tekolďany,obec,11,,,,,,,,,,
556645,Tepličky,obec,11,,,,,,,,,,
507661,Trakovice,obec,11,,,,,,,,,,
506885,Červeník,obec,11,,,,,,,,,,
507792,Žlkovce,obec,11,,,,,,,,,,
520012,Adidovce,obec,57,,,,,,,,,,
520021,Baškovce,obec,57,,,,,,,,,,
520055,Brekov,obec,57,,,,,,,,,,
520063,Brestov,obec,57,,,,,,,,,,
520268,Chlmec,obec,57,,,,,,,,,,
520152,Dedačov,obec,57,,,,,,,,,,
559644,Gruzovce,obec,57,,,,,,,,,,
520195,Hankovce,obec,57,,,,,,,,,,
559598,Hažín nad Cirochou,obec,57,,,,,,,,,,
520225,Hrabovec nad Laborcom,obec,57,,,,,,,,,,
520233,Hrubov,obec,57,,,,,,,,,,
520241,Hudcovce,obec,57,,,,,,,,,,
520004,Humenné,mesto,57,,,,,,,,,,
520276,Jabloň,obec,57,,,,,,,,,,
520292,Jankovce,obec,57,,,,,,,,,,
559547,Jasenov,obec,57,,,,,,,,,,
520331,Kamenica nad Cirochou,obec,57,,,,,,,,,,
520349,Kamienka,obec,57,,,,,,,,,,
520357,Karná,obec,57,,,,,,,,,,
520373,Kochanovce,obec,57,,,,,,,,,,
528803,Košarovce,obec,57,,,,,,,,,,
520403,Koškovce,obec,57,,,,,,,,,,
582140,Lackovce,obec,57,,,,,,,,,,
520446,Lieskovec,obec,57,,,,,,,,,,
520462,Lukačovce,obec,57,,,,,,,,,,
559652,Maškovce,obec,57,,,,,,,,,,
520497,Modra nad Cirochou,obec,57,,,,,,,,,,
520501,Myslina,obec,57,,,,,,,,,,
520527,Nechválova Polianka,obec,57,,,,,,,,,,
520535,Nižná Jablonka,obec,57,,,,,,,,,,
528897,Nižná Sitnica,obec,57,,,,,,,,,,
520543,Nižné Ladičkovce,obec,57,,,,,,,,,,
520560,Ohradzany,obec,57,,,,,,,,,,
528951,Pakostov,obec,57,,,,,,,,,,
520624,Papín,obec,57,,,,,,,,,,
520667,Porúbka,obec,57,,,,,,,,,,
529010,Prituľany,obec,57,,,,,,,,,,
520683,Ptičie,obec,57,,,,,,,,,,
529061,Rohožník,obec,57,,,,,,,,,,
520250,Rokytov pri Humennom,obec,57,,,,,,,,,,
520721,Rovné,obec,57,,,,,,,,,,
529087,Ruská Kajňa,obec,57,,,,,,,,,,
529095,Ruská Poruba,obec,57,,,,,,,,,,
520772,Slovenská Volová,obec,57,,,,,,,,,,
520781,Slovenské Krivé,obec,57,,,,,,,,,,
559636,Sopkovce,obec,57,,,,,,,,,,
520896,Topoľovka,obec,57,,,,,,,,,,
520900,Turcovce,obec,57,,,,,,,,,,
520926,Udavské,obec,57,,,,,,,,,,
518638,Valaškovce,vojensky_obvod,57,,,,,,,,,,
520977,Veľopolie,obec,57,,,,,,,,,,
521019,Vyšná Jablonka,obec,57,,,,,,,,,,
529249,Vyšná Sitnica,obec,57,,,,,,,,,,
521027,Vyšné Ladičkovce,obec,57,,,,,,,,,,
521035,Vyšný Hrušov,obec,57,,,,,,,,,,
520985,Víťazovce,obec,57,,,,,,,,,,
521086,Zbudské Dlhé,obec,57,,,,,,,,,,
521116,Zubné,obec,57,,,,,,,,,,
529273,Závada,obec,57,,,,,,,,,,
521043,Závadka,obec,57,,,,,,,,,,
520110,Černina,obec,57,,,,,,,,,,
520454,Ľubiša,obec,57,,,,,,,,,,
582301,Bohunice,obec,17,,,,,,,,,,
512885,Bolešov,obec,17,,,,,,,,,,
557391,Borčice,obec,17,,,,,,,,,,
513016,Dubnica nad Váhom,mesto,17,,,,,,,,,,
513024,Dulov,obec,17,,,,,,,,,,
513091,Horná Poruba,obec,17,,,,,,,,,,
513156,Ilava,mesto,17,,,,,,,,,,
557404,Kameničany,obec,17,,,,,,,,,,
513253,Košeca,obec,17,,,,,,,,,,
513351,Košecké Podhradie,obec,17,,,,,,,,,,
557617,Krivoklát,obec,17,,,,,,,,,,
513296,Ladce,obec,17,,,,,,,,,,
513385,Mikušovce,obec,17,,,,,,,,,,
513440,Nová Dubnica,mesto,17,,,,,,,,,,
513598,Pruské,obec,17,,,,,,,,,,
557412,Sedmerovec,obec,17,,,,,,,,,,
557421,Slavnica,obec,17,,,,,,,,,,
513725,Tuchyňa,obec,17,,,,,,,,,,
557625,Vršatské Podhradie,obec,17,,,,,,,,,,
513865,Zliechov,obec,17,,,,,,,,,,
512931,Červený Kameň,obec,17,,,,,,,,,,
523399,Abrahámovce,obec,58,,,,,,,,,,
523411,Bušovce,obec,58,,,,,,,,,,
523461,Havka,obec,58,,,,,,,,,,
523470,Holumnica,obec,58,,,,,,,,,,
523500,Hradisko,obec,58,,,,,,,,,,
523526,Huncovce,obec,58,,,,,,,,,,
523534,Ihľany,obec,58,,,,,,,,,,
523569,Jezersko,obec,58,,,,,,,,,,
523577,Jurské,obec,58,,,,,,,,,,
523585,Kežmarok,mesto,58,,,,,,,,,,
523607,Krížová Ves,obec,58,,,,,,,,,,
523615,Lechnica,obec,58,,,,,,,,,,
523623,Lendak,obec,58,,,,,,,,,,
523674,Majere,obec,58,,,,,,,,,,
559938,Malá Franková,obec,58,,,,,,,,,,
581241,Malý Slavkov,obec,58,,,,,,,,,,
523712,Matiašovce,obec,58,,,,,,,,,,
523739,Mlynčeky,obec,58,,,,,,,,,,
523771,Osturňa,obec,58,,,,,,,,,,
523780,Podhorany,obec,58,,,,,,,,,,
523798,Rakúsy,obec,58,,,,,,,,,,
523801,Reľov,obec,58,,,,,,,,,,
523810,Slovenská Ves,obec,58,,,,,,,,,,
523828,Spišská Belá,mesto,58,,,,,,,,,,
523836,Spišská Stará Ves,mesto,58,,,,,,,,,,
523861,Spišské Hanušovce,obec,58,,,,,,,,,,
523887,Stará Lesná,obec,58,,,,,,,,,,
523909,Stráne pod Tatrami,obec,58,,,,,,,,,,
523976,Toporec,obec,58,,,,,,,,,,
523984,Tvarožná,obec,58,,,,,,,,,,
523992,Veľká Franková,obec,58,,,,,,,,,,
524000,Veľká Lomnica,obec,58,,,,,,,,,,
524051,Vlkovce,obec,58,,,,,,,,,,
524042,Vlková,obec,58,,,,,,,,,,
524069,Vojňany,obec,58,,,,,,,,,,
524077,Vrbov,obec,58,,,,,,,,,,
524085,Výborná,obec,58,,,,,,,,,,
524115,Zálesie,obec,58,,,,,,,,,,
523429,Červený Kláštor,obec,58,,,,,,,,,,
523682,Ľubica,obec,58,,,,,,,,,,
524123,Žakovce,obec,58,,,,,,,,,,
501034,Bajč,obec,25,,,,,,,,,,
501042,Bodza,obec,25,,,,,,,,,,
555819,Bodzianske Lúky,obec,25,,,,,,,,,,
501069,Brestovec,obec,25,,,,,,,,,,
501395,Bátorove Kosihy,obec,25,,,,,,,,,,
501077,Búč,obec,25,,,,,,,,,,
501158,Chotín,obec,25,,,,,,,,,,
501107,Dedina Mládeže,obec,25,,,,,,,,,,
501123,Dulovce,obec,25,,,,,,,,,,
580911,Holiare,obec,25,,,,,,,,,,
501140,Hurbanovo,mesto,25,,,,,,,,,,
501166,Imeľ,obec,25,,,,,,,,,,
501174,Iža,obec,25,,,,,,,,,,
501182,Kameničná,obec,25,,,,,,,,,,
501191,Klížska Nemá,obec,25,,,,,,,,,,
501204,Kolárovo,mesto,25,,,,,,,,,,
501026,Komárno,mesto,25,,,,,,,,,,
501212,Kravany nad Dunajom,obec,25,,,,,,,,,,
501221,Lipové,obec,25,,,,,,,,,,
501239,Marcelová,obec,25,,,,,,,,,,
501247,Martovce,obec,25,,,,,,,,,,
501263,Modrany,obec,25,,,,,,,,,,
501255,Moča,obec,25,,,,,,,,,,
501271,Mudroňovo,obec,25,,,,,,,,,,
501280,Nesvady,mesto,25,,,,,,,,,,
501301,Okoličná na Ostrove,obec,25,,,,,,,,,,
501310,Patince,obec,25,,,,,,,,,,
501328,Pribeta,obec,25,,,,,,,,,,
501336,Radvaň nad Dunajom,obec,25,,,,,,,,,,
501344,Sokolce,obec,25,,,,,,,,,,
501115,Svätý Peter,obec,25,,,,,,,,,,
501379,Trávnik,obec,25,,,,,,,,,,
501361,Tôň,obec,25,,,,,,,,,,
501387,Veľké Kosihy,obec,25,,,,,,,,,,
555827,Virt,obec,25,,,,,,,,,,
501409,Vrbová nad Váhom,obec,25,,,,,,,,,,
501417,Zemianska Olča,obec,25,,,,,,,,,,
501425,Zlatná na Ostrove,obec,25,,,,,,,,,,
501085,Čalovec,obec,25,,,,,,,,,,
501093,Číčov,obec,25,,,,,,,,,,
501352,Šrobárová,obec,25,,,,,,,,,,
521141,Bačkovík,obec,74,,,,,,,,,,
521159,Baška,obec,74,,,,,,,,,,
521167,Belža,obec,74,,,,,,,,,,
521175,Beniakovce,obec,74,,,,,,,,,,
521183,Bidovce,obec,74,,,,,,,,,,
521191,Blažice,obec,74,,,,,,,,,,
521205,Bohdanovce,obec,74,,,,,,,,,,
521213,Boliarov,obec,74,,,,,,,,,,
559831,Bočiar,obec,74,,,,,,,,,,
521221,Budimír,obec,74,,,,,,,,,,
521248,Bukovec,obec,74,,,,,,,,,,
521256,Bunetice,obec,74,,,,,,,,,,
521264,Buzica,obec,74,,,,,,,,,,
521272,Cestice,obec,74,,,,,,,,,,
599310,Chorváty,obec,74,,,,,,,,,,
521477,Chrastné,obec,74,,,,,,,,,,
521329,Debraď,obec,74,,,,,,,,,,
521337,Drienovec,obec,74,,,,,,,,,,
521345,Družstevná pri Hornáde,obec,74,,,,,,,,,,
559873,Dvorníky-Včeláre,obec,74,,,,,,,,,,
521370,Geča,obec,74,,,,,,,,,,
521388,Gyňov,obec,74,,,,,,,,,,
521400,Haniska,obec,74,,,,,,,,,,
521396,Hačava,obec,74,,,,,,,,,,
521418,Herľany,obec,74,,,,,,,,,,
521426,Hodkovce,obec,74,,,,,,,,,,
518107,Hosťovce,obec,74,,,,,,,,,,
521442,Hrašovík,obec,74,,,,,,,,,,
518123,Háj,obec,74,,,,,,,,,,
521469,Hýľov,obec,74,,,,,,,,,,
521485,Janík,obec,74,,,,,,,,,,
521493,Jasov,obec,74,,,,,,,,,,
521507,Kalša,obec,74,,,,,,,,,,
521523,Kecerovce,obec,74,,,,,,,,,,
521540,Kecerovský Lipovec,obec,74,,,,,,,,,,
559687,Kechnec,obec,74,,,,,,,,,,
521558,Kokšov-Bakša,obec,74,,,,,,,,,,
521566,Komárovce,obec,74,,,,,,,,,,
582514,Kostoľany nad Hornádom,obec,74,,,,,,,,,,
521574,Košická Belá,obec,74,,,,,,,,,,
521582,Košická Polianka,obec,74,,,,,,,,,,
521591,Košické Oľšany,obec,74,,,,,,,,,,
521604,Košický Klečenov,obec,74,,,,,,,,,,
521612,Kráľovce,obec,74,,,,,,,,,,
521639,Kysak,obec,74,,,,,,,,,,
521655,Malá Ida,obec,74,,,,,,,,,,
521663,Malá Lodina,obec,74,,,,,,,,,,
521671,Medzev,mesto,74,,,,,,,,,,
580252,Milhosť,obec,74,,,,,,,,,,
521680,Mokrance,obec,74,,,,,,,,,,
521698,Moldava nad Bodvou,mesto,74,,,,,,,,,,
521701,Mudrovce,obec,74,,,,,,,,,,
518140,Nižná Hutka,obec,74,,,,,,,,,,
521728,Nižná Kamenica,obec,74,,,,,,,,,,
521736,Nižná Myšľa,obec,74,,,,,,,,,,
521752,Nižný Klátov,obec,74,,,,,,,,,,
521761,Nižný Lánec,obec,74,,,,,,,,,,
521744,Nižný Čaj,obec,74,,,,,,,,,,
521795,Nová Polhora,obec,74,,,,,,,,,,
521787,Nováčany,obec,74,,,,,,,,,,
521809,Nový Salaš,obec,74,,,,,,,,,,
521817,Obišovce,obec,74,,,,,,,,,,
521825,Olšovany,obec,74,,,,,,,,,,
521841,Opiná,obec,74,,,,,,,,,,
521833,Opátka,obec,74,,,,,,,,,,
521850,Paňovce,obec,74,,,,,,,,,,
521868,Peder,obec,74,,,,,,,,,,
521876,Perín-Chym,obec,74,,,,,,,,,,
521884,Ploské,obec,74,,,,,,,,,,
521892,Poproč,obec,74,,,,,,,,,,
521914,Rankovce,obec,74,,,,,,,,,,
521922,Rešica,obec,74,,,,,,,,,,
521931,Rozhanovce,obec,74,,,,,,,,,,
521949,Rudník,obec,74,,,,,,,,,,
521957,Ruskov,obec,74,,,,,,,,,,
521906,Rákoš,obec,74,,,,,,,,,,
521965,Sady nad Torysou,obec,74,,,,,,,,,,
521973,Seňa,obec,74,,,,,,,,,,
521981,Skároš,obec,74,,,,,,,,,,
522007,Slanec,obec,74,,,,,,,,,,
522015,Slanská Huta,obec,74,,,,,,,,,,
522023,Slanské Nové Mesto,obec,74,,,,,,,,,,
518115,Slančík,obec,74,,,,,,,,,,
522031,Sokoľ,obec,74,,,,,,,,,,
559865,Sokoľany,obec,74,,,,,,,,,,
522040,Svinica,obec,74,,,,,,,,,,
522082,Trebejov,obec,74,,,,,,,,,,
522104,Trstené pri Hornáde,obec,74,,,,,,,,,,
522091,Trsťany,obec,74,,,,,,,,,,
521779,Turnianska Nová Ves,obec,74,,,,,,,,,,
559784,Turňa nad Bodvou,obec,74,,,,,,,,,,
522121,Vajkovce,obec,74,,,,,,,,,,
522139,Valaliky,obec,74,,,,,,,,,,
522147,Veľká Ida,obec,74,,,,,,,,,,
522155,Veľká Lodina,obec,74,,,,,,,,,,
522163,Vtáčkovce,obec,74,,,,,,,,,,
522171,Vyšná Hutka,obec,74,,,,,,,,,,
522180,Vyšná Kamenica,obec,74,,,,,,,,,,
522198,Vyšná Myšľa,obec,74,,,,,,,,,,
522210,Vyšný Klátov,obec,74,,,,,,,,,,
582093,Vyšný Medzev,obec,74,,,,,,,,,,
522201,Vyšný Čaj,obec,74,,,,,,,,,,
522244,Zlatá Idka,obec,74,,,,,,,,,,
559881,Zádiel,obec,74,,,,,,,,,,
521281,Čakanovce,obec,74,,,,,,,,,,
521299,Čaňa,obec,74,,,,,,,,,,
521302,Čečejovce,obec,74,,,,,,,,,,
521311,Čižatice,obec,74,,,,,,,,,,
521361,Ďurkov,obec,74,,,,,,,,,,
521353,Ďurďošík,obec,74,,,,,,,,,,
522066,Šemša,obec,74,,,,,,,,,,
522074,Štós,obec,74,,,,,,,,,,
522252,Žarnov,obec,74,,,,,,,,,,
522261,Ždaňa,obec,74,,,,,,,,,,
599891,Košice-Džungľa,mestska_cast,70,599000,,,,,,,,,
598119,Košice-Kavečany,mestska_cast,70,599000,,,,,,,,,
598151,Košice-Sever,mestska_cast,70,599000,,,,,,,,,
598186,Košice-Staré Mesto,mestska_cast,70,599000,,,,,,,,,
599875,Košice-Sídlisko Ťahanovce,mestska_cast,70,599000,,,,,,,,,
598127,Košice-Ťahanovce,mestska_cast,70,599000,,,,,,,,,
598194,Košice-Lorinčík,mestska_cast,71,599000,,,,,,,,,
599972,Košice-Luník IX,mestska_cast,71,599000,,,,,,,,,
598216,Košice-Myslava,mestska_cast,71,599000,,,,,,,,,
598208,Košice-Pereš,mestska_cast,71,599000,,,,,,,,,
599859,Košice-Poľov,mestska_cast,71,599000,,,,,,,,,
599883,Košice-Sídlisko KVP,mestska_cast,71,599000,,,,,,,,,
598224,Košice-Západ,mestska_cast,71,599000,,,,,,,,,
599841,Košice-Šaca,mestska_cast,71,599000,,,,,,,,,
598682,Košice-Dargovských hrdinov,mestska_cast,72,599000,,,,,,,,,
599018,Košice-Košická Nová Ves,mestska_cast,72,599000,,,,,,,,,
599093,Košice-Barca,mestska_cast,73,599000,,,,,,,,,
599824,Košice-Juh,mestska_cast,73,599000,,,,,,,,,
599794,Košice-Krásna,mestska_cast,73,599000,,,,,,,,,
599816,Košice-Nad jazerom,mestska_cast,73,599000,,,,,,,,,
599913,Košice-Vyšné Opátske,mestska_cast,73,599000,,,,,,,,,
599786,Košice-Šebastovce,mestska_cast,73,599000,,,,,,,,,
518212,Bzovík,obec,47,,,,,,,,,,
518239,Cerovo,obec,47,,,,,,,,,,
518280,Devičie,obec,47,,,,,,,,,,
518301,Dolné Mladonice,obec,47,,,,,,,,,,
518310,Dolný Badín,obec,47,,,,,,,,,,
518336,Domaníky,obec,47,,,,,,,,,,
518352,Drienovo,obec,47,,,,,,,,,,
518344,Drážovce,obec,47,,,,,,,,,,
518387,Dudince,mesto,47,,,,,,,,,,
518409,Hontianske Moravce,obec,47,,,,,,,,,,
518417,Hontianske Nemce,obec,47,,,,,,,,,,
518425,Hontianske Tesáre,obec,47,,,,,,,,,,
518433,Horné Mladonice,obec,47,,,,,,,,,,
518441,Horný Badín,obec,47,,,,,,,,,,
518484,Jalšovík,obec,47,,,,,,,,,,
518514,Kozí Vrbovok,obec,47,,,,,,,,,,
518557,Krupina,mesto,47,,,,,,,,,,
518531,Kráľovce-Krnišov,obec,47,,,,,,,,,,
518565,Lackov,obec,47,,,,,,,,,,
518573,Ladzany,obec,47,,,,,,,,,,
518611,Litava,obec,47,,,,,,,,,,
518603,Lišov,obec,47,,,,,,,,,,
518646,Medovarce,obec,47,,,,,,,,,,
518701,Rykynčice,obec,47,,,,,,,,,,
518735,Sebechleby,obec,47,,,,,,,,,,
518743,Selce,obec,47,,,,,,,,,,
518751,Senohrad,obec,47,,,,,,,,,,
518832,Sudince,obec,47,,,,,,,,,,
518841,Súdovce,obec,47,,,,,,,,,,
518867,Terany,obec,47,,,,,,,,,,
518883,Trpín,obec,47,,,,,,,,,,
518905,Uňatín,obec,47,,,,,,,,,,
518956,Zemiansky Vrbovok,obec,47,,,,,,,,,,
518247,Čabradský Vrbovok,obec,47,,,,,,,,,,
518255,Čekovce,obec,47,,,,,,,,,,
518999,Žibritov,obec,47,,,,,,,,,,
509175,Dolný Vadičov,obec,35,,,,,,,,,,
509205,Horný Vadičov,obec,35,,,,,,,,,,
509256,Kysucké Nové Mesto,mesto,35,,,,,,,,,,
509264,Kysucký Lieskovec,obec,35,,,,,,,,,,
509272,Lodno,obec,35,,,,,,,,,,
509281,Lopušné Pažite,obec,35,,,,,,,,,,
509302,Nesluša,obec,35,,,,,,,,,,
509329,Ochodnica,obec,35,,,,,,,,,,
509370,Povina,obec,35,,,,,,,,,,
580791,Radoľa,obec,35,,,,,,,,,,
509426,Rudina,obec,35,,,,,,,,,,
509434,Rudinka,obec,35,,,,,,,,,,
509442,Rudinská,obec,35,,,,,,,,,,
509469,Snežnica,obec,35,,,,,,,,,,
502049,Bajka,obec,26,,,,,,,,,,
502065,Beša,obec,26,,,,,,,,,,
502073,Bielovce,obec,26,,,,,,,,,,
580937,Bohunice,obec,26,,,,,,,,,,
502090,Bory,obec,26,,,,,,,,,,
502103,Brhlovce,obec,26,,,,,,,,,,
502057,Bátovce,obec,26,,,,,,,,,,
502154,Demandice,obec,26,,,,,,,,,,
502162,Devičany,obec,26,,,,,,,,,,
502171,Dolná Seč,obec,26,,,,,,,,,,
502189,Dolné Semerovce,obec,26,,,,,,,,,,
502197,Dolný Pial,obec,26,,,,,,,,,,
502201,Domadice,obec,26,,,,,,,,,,
502219,Drženice,obec,26,,,,,,,,,,
502227,Farná,obec,26,,,,,,,,,,
502243,Hokovce,obec,26,,,,,,,,,,
502251,Hontianska Vrbica,obec,26,,,,,,,,,,
545350,Hontianske Trsťany,obec,26,,,,,,,,,,
502260,Horná Seč,obec,26,,,,,,,,,,
502278,Horné Semerovce,obec,26,,,,,,,,,,
502286,Horné Turovce,obec,26,,,,,,,,,,
502294,Horný Pial,obec,26,,,,,,,,,,
581895,Hrkovce,obec,26,,,,,,,,,,
502324,Hronovce,obec,26,,,,,,,,,,
502341,Hronské Kosihy,obec,26,,,,,,,,,,
502332,Hronské Kľačany,obec,26,,,,,,,,,,
502367,Ipeľské Úľany,obec,26,,,,,,,,,,
502375,Ipeľský Sokolec,obec,26,,,,,,,,,,
502359,Iňa,obec,26,,,,,,,,,,
502383,Jabloňovce,obec,26,,,,,,,,,,
556777,Jesenské,obec,26,,,,,,,,,,
502391,Jur nad Hronom,obec,26,,,,,,,,,,
502413,Kalná nad Hronom,obec,26,,,,,,,,,,
502472,Keť,obec,26,,,,,,,,,,
502421,Kozárovce,obec,26,,,,,,,,,,
502430,Krškany,obec,26,,,,,,,,,,
502448,Kubáňovo,obec,26,,,,,,,,,,
502456,Kukučínov,obec,26,,,,,,,,,,
502464,Kuraľany,obec,26,,,,,,,,,,
502031,Levice,mesto,26,,,,,,,,,,
502481,Lok,obec,26,,,,,,,,,,
502499,Lontov,obec,26,,,,,,,,,,
502502,Lula,obec,26,,,,,,,,,,
581135,Malé Kozmálovce,obec,26,,,,,,,,,,
502537,Malé Ludince,obec,26,,,,,,,,,,
502511,Málaš,obec,26,,,,,,,,,,
502570,Mýtne Ludany,obec,26,,,,,,,,,,
502588,Nová Dedina,obec,26,,,,,,,,,,
502596,Nový Tekov,obec,26,,,,,,,,,,
502600,Nýrovce,obec,26,,,,,,,,,,
502618,Ondrejovce,obec,26,,,,,,,,,,
502626,Pastovce,obec,26,,,,,,,,,,
502634,Pečenice,obec,26,,,,,,,,,,
502651,Plavé Vozokany,obec,26,,,,,,,,,,
502642,Plášťovce,obec,26,,,,,,,,,,
502669,Podlužany,obec,26,,,,,,,,,,
502677,Pohronský Ruskov,obec,26,,,,,,,,,,
502693,Pukanec,obec,26,,,,,,,,,,
502707,Rybník,obec,26,,,,,,,,,,
502715,Santovka,obec,26,,,,,,,,,,
502723,Sazdice,obec,26,,,,,,,,,,
502731,Sikenica,obec,26,,,,,,,,,,
502740,Slatina,obec,26,,,,,,,,,,
502758,Starý Hrádok,obec,26,,,,,,,,,,
502766,Starý Tekov,obec,26,,,,,,,,,,
502812,Tehla,obec,26,,,,,,,,,,
502821,Tekovské Lužany,obec,26,,,,,,,,,,
502847,Tekovský Hrádok,obec,26,,,,,,,,,,
502863,Tlmače,mesto,26,,,,,,,,,,
502871,Tupá,obec,26,,,,,,,,,,
502880,Turá,obec,26,,,,,,,,,,
502898,Uhliská,obec,26,,,,,,,,,,
581160,Veľké Kozmálovce,obec,26,,,,,,,,,,
502910,Veľké Ludince,obec,26,,,,,,,,,,
502928,Veľké Turovce,obec,26,,,,,,,,,,
502936,Veľký Ďur,obec,26,,,,,,,,,,
502944,Vyškovce nad Ipľom,obec,26,,,,,,,,,,
502952,Vyšné nad Hronom,obec,26,,,,,,,,,,
502961,Zalaba,obec,26,,,,,,,,,,
502979,Zbrojníky,obec,26,,,,,,,,,,
502111,Čajkov,obec,26,,,,,,,,,,
502120,Čaka,obec,26,,,,,,,,,,
555843,Čata,obec,26,,,,,,,,,,
502782,Šahy,mesto,26,,,,,,,,,,
502791,Šalov,obec,26,,,,,,,,,,
502804,Šarovce,obec,26,,,,,,,,,,
502987,Želiezovce,mesto,26,,,,,,,,,,
502995,Žemberovce,obec,26,,,,,,,,,,
503002,Žemliare,obec,26,,,,,,,,,,
526371,Baldovce,obec,59,,,,,,,,,,
526380,Beharovce,obec,59,,,,,,,,,,
526401,Bijacovce,obec,59,,,,,,,,,,
526410,Brutovce,obec,59,,,,,,,,,,
526428,Buglovce,obec,59,,,,,,,,,,
526452,Dlhé Stráže,obec,59,,,,,,,,,,
526479,Domaňovce,obec,59,,,,,,,,,,
526461,Doľany,obec,59,,,,,,,,,,
526487,Dravce,obec,59,,,,,,,,,,
526495,Dúbrava,obec,59,,,,,,,,,,
526517,Granč-Petrovce,obec,59,,,,,,,,,,
526525,Harakovce,obec,59,,,,,,,,,,
543179,Jablonov,obec,59,,,,,,,,,,
543225,Klčov,obec,59,,,,,,,,,,
581640,Korytné,obec,59,,,,,,,,,,
543276,Kurimany,obec,59,,,,,,,,,,
543292,Levoča,mesto,59,,,,,,,,,,
543314,Lúčka,obec,59,,,,,,,,,,
543381,Nemešany,obec,59,,,,,,,,,,
543390,Nižné Repaše,obec,59,,,,,,,,,,
543446,Ordzovany,obec,59,,,,,,,,,,
543420,Oľšavica,obec,59,,,,,,,,,,
543454,Pavľany,obec,59,,,,,,,,,,
543471,Pongrácovce,obec,59,,,,,,,,,,
543462,Poľanovce,obec,59,,,,,,,,,,
543578,Spišské Podhradie,mesto,59,,,,,,,,,,
543608,Spišský Hrhov,obec,59,,,,,,,,,,
543624,Spišský Štvrtok,obec,59,,,,,,,,,,
543641,Studenec,obec,59,,,,,,,,,,
543675,Torysky,obec,59,,,,,,,,,,
543691,Uloža,obec,59,,,,,,,,,,
526606,Vyšné Repaše,obec,59,,,,,,,,,,
526614,Vyšný Slavkov,obec,59,,,,,,,,,,
510271,Beňadiková,obec,36,,,,,,,,,,
510327,Bobrovec,obec,36,,,,,,,,,,
510335,Bobrovník,obec,36,,,,,,,,,,
510319,Bobrovček,obec,36,,,,,,,,,,
510351,Bukovina,obec,36,,,,,,,,,,
510386,Demänovská Dolina,obec,36,,,,,,,,,,
510408,Dúbrava,obec,36,,,,,,,,,,
510416,Galovany,obec,36,,,,,,,,,,
510424,Gôtovany,obec,36,,,,,,,,,,
510459,Huty,obec,36,,,,,,,,,,
510467,Hybe,obec,36,,,,,,,,,,
556807,Ižipovce,obec,36,,,,,,,,,,
510505,Jakubovany,obec,36,,,,,,,,,,
510513,Jalovec,obec,36,,,,,,,,,,
510521,Jamník,obec,36,,,,,,,,,,
507393,Konská,obec,36,,,,,,,,,,
510564,Kráľova Lehota,obec,36,,,,,,,,,,
510572,Kvačany,obec,36,,,,,,,,,,
510581,Lazisko,obec,36,,,,,,,,,,
510602,Liptovská Anna,obec,36,,,,,,,,,,
510611,Liptovská Kokava,obec,36,,,,,,,,,,
558281,Liptovská Porúbka,obec,36,,,,,,,,,,
510653,Liptovská Sielnica,obec,36,,,,,,,,,,
510688,Liptovské Beharovce,obec,36,,,,,,,,,,
510696,Liptovské Kľačany,obec,36,,,,,,,,,,
510700,Liptovské Matiašovce,obec,36,,,,,,,,,,
510726,Liptovský Hrádok,mesto,36,,,,,,,,,,
510734,Liptovský Ján,obec,36,,,,,,,,,,
510262,Liptovský Mikuláš,mesto,36,,,,,,,,,,
510751,Liptovský Ondrej,obec,36,,,,,,,,,,
580287,Liptovský Peter,obec,36,,,,,,,,,,
510777,Liptovský Trnovec,obec,36,,,,,,,,,,
510831,Malatíny,obec,36,,,,,,,,,,
510858,Malužiná,obec,36,,,,,,,,,,
510840,Malé Borové,obec,36,,,,,,,,,,
510874,Nižná Boca,obec,36,,,,,,,,,,
510904,Partizánska Ľupča,obec,36,,,,,,,,,,
510921,Pavlova Ves,obec,36,,,,,,,,,,
510912,Pavčina Lehota,obec,36,,,,,,,,,,
510947,Podtureň,obec,36,,,,,,,,,,
510963,Pribylina,obec,36,,,,,,,,,,
510971,Prosiek,obec,36,,,,,,,,,,
511013,Smrečany,obec,36,,,,,,,,,,
511048,Svätý Kríž,obec,36,,,,,,,,,,
511072,Trstené,obec,36,,,,,,,,,,
511099,Uhorská Ves,obec,36,,,,,,,,,,
511111,Vavrišovo,obec,36,,,,,,,,,,
511129,Važec,obec,36,,,,,,,,,,
511145,Veterná Poruba,obec,36,,,,,,,,,,
511137,Veľké Borové,obec,36,,,,,,,,,,
511153,Vlachy,obec,36,,,,,,,,,,
511188,Vyšná Boca,obec,36,,,,,,,,,,
511170,Východná,obec,36,,,,,,,,,,
511196,Závažná Poruba,obec,36,,,,,,,,,,
510793,Ľubeľa,obec,36,,,,,,,,,,
511200,Žiar,obec,36,,,,,,,,,,
511234,Belina,obec,48,,,,,,,,,,
557315,Biskupice,obec,48,,,,,,,,,,
511251,Boľkovce,obec,48,,,,,,,,,,
511277,Budiná,obec,48,,,,,,,,,,
558273,Bulhary,obec,48,,,,,,,,,,
511293,Buzitka,obec,48,,,,,,,,,,
511358,Divín,obec,48,,,,,,,,,,
511366,Dobroč,obec,48,,,,,,,,,,
511391,Fiľakovo,mesto,48,,,,,,,,,,
511404,Fiľakovské Kováče,obec,48,,,,,,,,,,
557331,Gregorova Vieska,obec,48,,,,,,,,,,
511421,Halič,obec,48,,,,,,,,,,
511439,Holiša,obec,48,,,,,,,,,,
511463,Jelšovec,obec,48,,,,,,,,,,
511480,Kalonda,obec,48,,,,,,,,,,
511374,Kotmanová,obec,48,,,,,,,,,,
511528,Lehôtka,obec,48,,,,,,,,,,
511536,Lentvora,obec,48,,,,,,,,,,
511544,Lipovany,obec,48,,,,,,,,,,
511552,Lovinobaňa,obec,48,,,,,,,,,,
511579,Lupoč,obec,48,,,,,,,,,,
511218,Lučenec,mesto,48,,,,,,,,,,
511609,Mašková,obec,48,,,,,,,,,,
580309,Mikušovce,obec,48,,,,,,,,,,
511625,Mučín,obec,48,,,,,,,,,,
511641,Mýtna,obec,48,,,,,,,,,,
511668,Nitra nad Ipľom,obec,48,,,,,,,,,,
511676,Nové Hony,obec,48,,,,,,,,,,
511692,Panické Dravce,obec,48,,,,,,,,,,
511714,Pinciná,obec,48,,,,,,,,,,
511722,Pleš,obec,48,,,,,,,,,,
511749,Podrečany,obec,48,,,,,,,,,,
511757,Polichno,obec,48,,,,,,,,,,
511773,Praha,obec,48,,,,,,,,,,
511781,Prša,obec,48,,,,,,,,,,
511706,Píla,obec,48,,,,,,,,,,
511790,Radzovce,obec,48,,,,,,,,,,
511803,Rapovce,obec,48,,,,,,,,,,
511811,Ratka,obec,48,,,,,,,,,,
511838,Ružiná,obec,48,,,,,,,,,,
511846,Stará Halič,obec,48,,,,,,,,,,
511919,Tomášovce,obec,48,,,,,,,,,,
511901,Točnica,obec,48,,,,,,,,,,
511927,Trebeľovce,obec,48,,,,,,,,,,
557340,Trenč,obec,48,,,,,,,,,,
511943,Tuhár,obec,48,,,,,,,,,,
511994,Veľká nad Ipľom,obec,48,,,,,,,,,,
512010,Veľké Dravce,obec,48,,,,,,,,,,
557307,Vidiná,obec,48,,,,,,,,,,
511226,Ábelová,obec,48,,,,,,,,,,
511323,Čakanovce,obec,48,,,,,,,,,,
511331,Čamovce,obec,48,,,,,,,,,,
511561,Ľuboreč,obec,48,,,,,,,,,,
511862,Šiatorská Bukovinka,obec,48,,,,,,,,,,
511897,Šurice,obec,48,,,,,,,,,,
511854,Šávoľ,obec,48,,,,,,,,,,
511871,Šíd,obec,48,,,,,,,,,,
507831,Borinka,obec,6,,,,,,,,,,
507890,Gajary,obec,6,,,,,,,,,,
507954,Jablonové,obec,6,,,,,,,,,,
507962,Jakubov,obec,6,,,,,,,,,,
508012,Kostolište,obec,6,,,,,,,,,,
508021,Kuchyňa,obec,6,,,,,,,,,,
508055,Lozorno,obec,6,,,,,,,,,,
508039,Láb,obec,6,,,,,,,,,,
508063,Malacky,mesto,6,,,,,,,,,,
504556,Malé Leváre,obec,6,,,,,,,,,,
508080,Marianka,obec,6,,,,,,,,,,
508161,Pernek,obec,6,,,,,,,,,,
504629,Plavecké Podhradie,obec,6,,,,,,,,,,
504637,Plavecký Mikuláš,obec,6,,,,,,,,,,
508195,Plavecký Štvrtok,obec,6,,,,,,,,,,
504769,Rohožník,obec,6,,,,,,,,,,
504858,Sološnica,obec,6,,,,,,,,,,
504874,Studienka,obec,6,,,,,,,,,,
508233,Stupava,mesto,6,,,,,,,,,,
508241,Suchohrad,obec,6,,,,,,,,,,
504947,Veľké Leváre,obec,6,,,,,,,,,,
508349,Vysoká pri Morave,obec,6,,,,,,,,,,
508381,Zohor,obec,6,,,,,,,,,,
500267,Záhorie,vojensky_obvod,6,,,,,,,,,,
508365,Záhorská Ves,obec,6,,,,,,,,,,
504980,Závod,obec,6,,,,,,,,,,
512052,Belá-Dulice,obec,37,,,,,,,,,,
512061,Benice,obec,37,,,,,,,,,,
512079,Blatnica,obec,37,,,,,,,,,,
512133,Bystrička,obec,37,,,,,,,,,,
512168,Diaková,obec,37,,,,,,,,,,
512206,Dolný Kalník,obec,37,,,,,,,,,,
512214,Dražkovce,obec,37,,,,,,,,,,
512257,Folkušová,obec,37,,,,,,,,,,
512290,Horný Kalník,obec,37,,,,,,,,,,
512346,Karlová,obec,37,,,,,,,,,,
512354,Kláštor pod Znievom,obec,37,,,,,,,,,,
512371,Košťany nad Turcom,obec,37,,,,,,,,,,
512389,Krpeľany,obec,37,,,,,,,,,,
512397,Laskár,obec,37,,,,,,,,,,
512419,Ležiachov,obec,37,,,,,,,,,,
512435,Lipovec,obec,37,,,,,,,,,,
512036,Martin,mesto,37,,,,,,,,,,
512478,Necpaly,obec,37,,,,,,,,,,
512486,Nolčovo,obec,37,,,,,,,,,,
512508,Podhradie,obec,37,,,,,,,,,,
512524,Príbovce,obec,37,,,,,,,,,,
512541,Rakovo,obec,37,,,,,,,,,,
512567,Ratkovo,obec,37,,,,,,,,,,
512591,Sklabinský Podzámok,obec,37,,,,,,,,,,
512583,Sklabiňa,obec,37,,,,,,,,,,
512613,Slovany,obec,37,,,,,,,,,,
512630,Socovce,obec,37,,,,,,,,,,
512648,Sučany,obec,37,,,,,,,,,,
512664,Trebostovo,obec,37,,,,,,,,,,
512672,Trnovo,obec,37,,,,,,,,,,
512681,Turany,mesto,37,,,,,,,,,,
512702,Turčianska Štiavnička,obec,37,,,,,,,,,,
545961,Turčianske Jaseno,obec,37,,,,,,,,,,
512711,Turčianske Kľačany,obec,37,,,,,,,,,,
512753,Turčiansky Peter,obec,37,,,,,,,,,,
512737,Turčiansky Ďur,obec,37,,,,,,,,,,
512761,Valča,obec,37,,,,,,,,,,
512796,Vrícko,obec,37,,,,,,,,,,
557358,Vrútky,mesto,37,,,,,,,,,,
512818,Záborie,obec,37,,,,,,,,,,
512150,Ďanová,obec,37,,,,,,,,,,
512656,Šútovo,obec,37,,,,,,,,,,
512834,Žabokreky,obec,37,,,,,,,,,,
520071,Brestov nad Laborcom,obec,60,,,,,,,,,,
520187,Habura,obec,60,,,,,,,,,,
520314,Kalinov,obec,60,,,,,,,,,,
520411,Krásny Brod,obec,60,,,,,,,,,,
520471,Medzilaborce,mesto,60,,,,,,,,,,
520578,Oľka,obec,60,,,,,,,,,,
520586,Oľšinkov,obec,60,,,,,,,,,,
520616,Palota,obec,60,,,,,,,,,,
520691,Radvaň nad Laborcom,obec,60,,,,,,,,,,
520705,Repejov,obec,60,,,,,,,,,,
559610,Rokytovce,obec,60,,,,,,,,,,
520713,Roškovce,obec,60,,,,,,,,,,
520853,Sukov,obec,60,,,,,,,,,,
520861,Svetlice,obec,60,,,,,,,,,,
520951,Valentovce,obec,60,,,,,,,,,,
520993,Volica,obec,60,,,,,,,,,,
521001,Výrava,obec,60,,,,,,,,,,
521060,Zbojné,obec,60,,,,,,,,,,
521078,Zbudská Belá,obec,60,,,,,,,,,,
520098,Čabalovce,obec,60,,,,,,,,,,
520101,Čabiny,obec,60,,,,,,,,,,
520128,Čertižné,obec,60,,,,,,,,,,
520519,Ňagov,obec,60,,,,,,,,,,
522287,Bajany,obec,75,,,,,,,,,,
528137,Beša,obec,75,,,,,,,,,,
522368,Bracovce,obec,75,,,,,,,,,,
513857,Budince,obec,75,,,,,,,,,,
522376,Budkovce,obec,75,,,,,,,,,,
522295,Bánovce nad Ondavou,obec,75,,,,,,,,,,
528331,Drahňov,obec,75,,,,,,,,,,
522406,Dúbravka,obec,75,,,,,,,,,,
522414,Falkušovce,obec,75,,,,,,,,,,
522431,Hatalov,obec,75,,,,,,,,,,
522449,Hažín,obec,75,,,,,,,,,,
522465,Hnojné,obec,75,,,,,,,,,,
522481,Horovce,obec,75,,,,,,,,,,
522511,Iňačovce,obec,75,,,,,,,,,,
528391,Ižkovce,obec,75,,,,,,,,,,
522546,Jastrabie pri Michalovciach,obec,75,,,,,,,,,,
522562,Jovsa,obec,75,,,,,,,,,,
522589,Kaluža,obec,75,,,,,,,,,,
528404,Kapušianske Kľačany,obec,75,,,,,,,,,,
522571,Kačanov,obec,75,,,,,,,,,,
522597,Klokočov,obec,75,,,,,,,,,,
528463,Krišovská Liesková,obec,75,,,,,,,,,,
522651,Krásnovce,obec,75,,,,,,,,,,
522686,Kusín,obec,75,,,,,,,,,,
522694,Lastomír,obec,75,,,,,,,,,,
522708,Laškovce,obec,75,,,,,,,,,,
522724,Lesné,obec,75,,,,,,,,,,
522732,Ložín,obec,75,,,,,,,,,,
522741,Lúčky,obec,75,,,,,,,,,,
522767,Malé Raškovce,obec,75,,,,,,,,,,
522759,Malčice,obec,75,,,,,,,,,,
522783,Markovce,obec,75,,,,,,,,,,
528579,Maťovské Vojkovce,obec,75,,,,,,,,,,
522279,Michalovce,mesto,75,,,,,,,,,,
522791,Moravany,obec,75,,,,,,,,,,
522805,Nacina Ves,obec,75,,,,,,,,,,
528633,Oborín,obec,75,,,,,,,,,,
522848,Oreské,obec,75,,,,,,,,,,
522864,Palín,obec,75,,,,,,,,,,
522872,Pavlovce nad Uhom,obec,75,,,,,,,,,,
522881,Petrikovce,obec,75,,,,,,,,,,
522902,Petrovce nad Laborcom,obec,75,,,,,,,,,,
522945,Poruba pod Vihorlatom,obec,75,,,,,,,,,,
522961,Pozdišovce,obec,75,,,,,,,,,,
528692,Ptrukša,obec,75,,,,,,,,,,
522988,Pusté Čemerné,obec,75,,,,,,,,,,
522996,Rakovec nad Ondavou,obec,75,,,,,,,,,,
528714,Ruská,obec,75,,,,,,,,,,
523054,Senné,obec,75,,,,,,,,,,
523062,Slavkovce,obec,75,,,,,,,,,,
523071,Sliepkovce,obec,75,,,,,,,,,,
523097,Staré,obec,75,,,,,,,,,,
523119,Stretava,obec,75,,,,,,,,,,
523127,Stretavka,obec,75,,,,,,,,,,
523101,Strážske,mesto,75,,,,,,,,,,
523135,Suché,obec,75,,,,,,,,,,
523186,Trhovište,obec,75,,,,,,,,,,
523194,Trnava pri Laborci,obec,75,,,,,,,,,,
523208,Tušice,obec,75,,,,,,,,,,
523216,Tušická Nová Ves,obec,75,,,,,,,,,,
543853,Veľké Kapušany,mesto,75,,,,,,,,,,
543870,Veľké Raškovce,obec,75,,,,,,,,,,
543888,Veľké Slemence,obec,75,,,,,,,,,,
523259,Vinné,obec,75,,,,,,,,,,
543942,Vojany,obec,75,,,,,,,,,,
523275,Voľa,obec,75,,,,,,,,,,
523283,Vrbnica,obec,75,,,,,,,,,,
523291,Vysoká nad Uhom,obec,75,,,,,,,,,,
523241,Zalužice,obec,75,,,,,,,,,,
523356,Zbudza,obec,75,,,,,,,,,,
523364,Zemplínska Široká,obec,75,,,,,,,,,,
522635,Zemplínske Kopčany,obec,75,,,,,,,,,,
523348,Závadka,obec,75,,,,,,,,,,
522392,Čečehov,obec,75,,,,,,,,,,
528307,Čierne Pole,obec,75,,,,,,,,,,
528277,Čičarovce,obec,75,,,,,,,,,,
523151,Šamudovce,obec,75,,,,,,,,,,
523372,Žbince,obec,75,,,,,,,,,,
504254,Brestovec,obec,18,,,,,,,,,,
504262,Brezová pod Bradlom,mesto,18,,,,,,,,,,
504289,Bukovec,obec,18,,,,,,,,,,
504408,Chvojnica,obec,18,,,,,,,,,,
506079,Hrašné,obec,18,,,,,,,,,,
504424,Jablonka,obec,18,,,,,,,,,,
506141,Kostolné,obec,18,,,,,,,,,,
504467,Košariská,obec,18,,,,,,,,,,
506150,Krajné,obec,18,,,,,,,,,,
504581,Myjava,mesto,18,,,,,,,,,,
506419,Podkylava,obec,18,,,,,,,,,,
504661,Polianka,obec,18,,,,,,,,,,
504688,Poriadie,obec,18,,,,,,,,,,
504696,Priepasné,obec,18,,,,,,,,,,
504793,Rudník,obec,18,,,,,,,,,,
504866,Stará Myjava,obec,18,,,,,,,,,,
504971,Vrbovce,obec,18,,,,,,,,,,
500020,Alekšince,obec,27,,,,,,,,,,
581623,Babindol,obec,27,,,,,,,,,,
500071,Branč,obec,27,,,,,,,,,,
500046,Báb,obec,27,,,,,,,,,,
582697,Bádice,obec,27,,,,,,,,,,
545589,Cabaj-Čápor,obec,27,,,,,,,,,,
582425,Dolné Lefantovce,obec,27,,,,,,,,,,
500194,Dolné Obdokovce,obec,27,,,,,,,,,,
500232,Golianovo,obec,27,,,,,,,,,,
545635,Horné Lefantovce,obec,27,,,,,,,,,,
555959,Hosťová,obec,27,,,,,,,,,,
500313,Hruboňovo,obec,27,,,,,,,,,,
558320,Ivanka pri Nitre,obec,27,,,,,,,,,,
500356,Jarok,obec,27,,,,,,,,,,
500372,Jelenec,obec,27,,,,,,,,,,
500381,Jelšovce,obec,27,,,,,,,,,,
500399,Kapince,obec,27,,,,,,,,,,
500402,Klasov,obec,27,,,,,,,,,,
500411,Kolíňany,obec,27,,,,,,,,,,
500453,Lehota,obec,27,,,,,,,,,,
500488,Lukáčovce,obec,27,,,,,,,,,,
580899,Lužianky,obec,27,,,,,,,,,,
500470,Lúčnica nad Žitavou,obec,27,,,,,,,,,,
556785,Malé Chyndice,obec,27,,,,,,,,,,
500534,Malé Zálužie,obec,27,,,,,,,,,,
555908,Malý Cetín,obec,27,,,,,,,,,,
555851,Malý Lapáš,obec,27,,,,,,,,,,
500569,Melek,obec,27,,,,,,,,,,
500577,Mojmírovce,obec,27,,,,,,,,,,
500011,Nitra,mesto,27,,,,,,,,,,
556696,Nitrianske Hrnčiarovce,obec,27,,,,,,,,,,
500631,Nová Ves nad Žitavou,obec,27,,,,,,,,,,
500640,Nové Sady,obec,27,,,,,,,,,,
500666,Paňa,obec,27,,,,,,,,,,
500674,Podhorany,obec,27,,,,,,,,,,
500682,Pohranice,obec,27,,,,,,,,,,
500691,Poľný Kesov,obec,27,,,,,,,,,,
500704,Rišňovce,obec,27,,,,,,,,,,
500712,Rumanová,obec,27,,,,,,,,,,
555991,Svätoplukovo,obec,27,,,,,,,,,,
500798,Tajná,obec,27,,,,,,,,,,
555967,Telince,obec,27,,,,,,,,,,
500844,Veľká Dolina,obec,27,,,,,,,,,,
500518,Veľké Chyndice,obec,27,,,,,,,,,,
500887,Veľké Zálužie,obec,27,,,,,,,,,,
500895,Veľký Cetín,obec,27,,,,,,,,,,
555860,Veľký Lapáš,obec,27,,,,,,,,,,
500917,Vinodol,obec,27,,,,,,,,,,
500933,Vráble,mesto,27,,,,,,,,,,
500941,Výčapy-Opatovce,obec,27,,,,,,,,,,
500950,Zbehy,obec,27,,,,,,,,,,
582387,Čab,obec,27,,,,,,,,,,
500101,Čakajovce,obec,27,,,,,,,,,,
555886,Čechynce,obec,27,,,,,,,,,,
500135,Čeľadice,obec,27,,,,,,,,,,
500160,Čifáre,obec,27,,,,,,,,,,
581097,Ľudovítová,obec,27,,,,,,,,,,
581691,Štefanovičová,obec,27,,,,,,,,,,
582719,Štitáre,obec,27,,,,,,,,,,
500780,Šurianky,obec,27,,,,,,,,,,
500992,Žirany,obec,27,,,,,,,,,,
501018,Žitavce,obec,27,,,,,,,,,,
505846,Beckov,obec,19,,,,,,,,,,
505871,Bošáca,obec,19,,,,,,,,,,
505889,Brunovce,obec,19,,,,,,,,,,
505897,Bzince pod Javorinou,obec,19,,,,,,,,,,
505951,Dolné Srnie,obec,19,,,,,,,,,,
556424,Haluzice,obec,19,,,,,,,,,,
506001,Horná Streda,obec,19,,,,,,,,,,
506061,Hrachovište,obec,19,,,,,,,,,,
506052,Hrádok,obec,19,,,,,,,,,,
505994,Hôrka nad Váhom,obec,19,,,,,,,,,,
506125,Kočovce,obec,19,,,,,,,,,,
506109,Kálnica,obec,19,,,,,,,,,,
506184,Lubina,obec,19,,,,,,,,,,
506206,Lúka,obec,19,,,,,,,,,,
506257,Modrovka,obec,19,,,,,,,,,,
506249,Modrová,obec,19,,,,,,,,,,
506265,Moravské Lieskové,obec,19,,,,,,,,,,
506303,Nová Bošáca,obec,19,,,,,,,,,,
506311,Nová Lehota,obec,19,,,,,,,,,,
556459,Nová Ves nad Váhom,obec,19,,,,,,,,,,
506338,Nové Mesto nad Váhom,mesto,19,,,,,,,,,,
506346,Očkov,obec,19,,,,,,,,,,
506401,Pobedim,obec,19,,,,,,,,,,
506427,Podolie,obec,19,,,,,,,,,,
506435,Potvorice,obec,19,,,,,,,,,,
506443,Považany,obec,19,,,,,,,,,,
506516,Stará Lehota,obec,19,,,,,,,,,,
506524,Stará Turá,mesto,19,,,,,,,,,,
506583,Trenčianske Bohuslavice,obec,19,,,,,,,,,,
506630,Vaďovce,obec,19,,,,,,,,,,
506672,Višňové,obec,19,,,,,,,,,,
556441,Zemianske Podhradie,obec,19,,,,,,,,,,
505901,Čachtice,obec,19,,,,,,,,,,
505919,Častkovce,obec,19,,,,,,,,,,
503029,Andovce,obec,28,,,,,,,,,,
503037,Bajtava,obec,28,,,,,,,,,,
503053,Bardoňovo,obec,28,,,,,,,,,,
503061,Belá,obec,28,,,,,,,,,,
503070,Bešeňov,obec,28,,,,,,,,,,
503096,Branovo,obec,28,,,,,,,,,,
503100,Bruty,obec,28,,,,,,,,,,
503045,Bánov,obec,28,,,,,,,,,,
503088,Bíňa,obec,28,,,,,,,,,,
503207,Chľaba,obec,28,,,,,,,,,,
503134,Dedinka,obec,28,,,,,,,,,,
503151,Dolný Ohaj,obec,28,,,,,,,,,,
503169,Dubník,obec,28,,,,,,,,,,
503177,Dvory nad Žitavou,obec,28,,,,,,,,,,
503185,Gbelce,obec,28,,,,,,,,,,
503193,Hul,obec,28,,,,,,,,,,
503215,Jasová,obec,28,,,,,,,,,,
503223,Jatov,obec,28,,,,,,,,,,
503231,Kamenica nad Hronom,obec,28,,,,,,,,,,
503258,Kamenný Most,obec,28,,,,,,,,,,
503240,Kamenín,obec,28,,,,,,,,,,
503266,Kmeťovo,obec,28,,,,,,,,,,
503274,Kolta,obec,28,,,,,,,,,,
503282,Komjatice,obec,28,,,,,,,,,,
503291,Komoča,obec,28,,,,,,,,,,
503312,Leľa,obec,28,,,,,,,,,,
503321,Lipová,obec,28,,,,,,,,,,
503347,Malá nad Hronom,obec,28,,,,,,,,,,
503355,Malé Kosihy,obec,28,,,,,,,,,,
503363,Maňa,obec,28,,,,,,,,,,
503371,Michal nad Žitavou,obec,28,,,,,,,,,,
503398,Mojzesovo,obec,28,,,,,,,,,,
503401,Mužla,obec,28,,,,,,,,,,
503436,Nová Vieska,obec,28,,,,,,,,,,
503011,Nové Zámky,mesto,28,,,,,,,,,,
556092,Nána,obec,28,,,,,,,,,,
582361,Obid,obec,28,,,,,,,,,,
503452,Palárikovo,obec,28,,,,,,,,,,
556033,Pavlová,obec,28,,,,,,,,,,
503479,Podhájska,obec,28,,,,,,,,,,
503487,Pozba,obec,28,,,,,,,,,,
503495,Radava,obec,28,,,,,,,,,,
503509,Rastislavice,obec,28,,,,,,,,,,
503517,Rúbaň,obec,28,,,,,,,,,,
503525,Salka,obec,28,,,,,,,,,,
503533,Semerovo,obec,28,,,,,,,,,,
503541,Sikenička,obec,28,,,,,,,,,,
503550,Strekov,obec,28,,,,,,,,,,
503568,Svodín,obec,28,,,,,,,,,,
503606,Trávnica,obec,28,,,,,,,,,,
503614,Tvrdošovce,obec,28,,,,,,,,,,
503631,Veľké Lovce,obec,28,,,,,,,,,,
503380,Veľký Kýr,obec,28,,,,,,,,,,
556025,Vlkas,obec,28,,,,,,,,,,
503649,Zemné,obec,28,,,,,,,,,,
556050,Úľany nad Žitavou,obec,28,,,,,,,,,,
503118,Čechy,obec,28,,,,,,,,,,
503126,Černík,obec,28,,,,,,,,,,
503339,Ľubá,obec,28,,,,,,,,,,
503576,Šarkan,obec,28,,,,,,,,,,
503584,Štúrovo,mesto,28,,,,,,,,,,
503592,Šurany,mesto,28,,,,,,,,,,
509558,Babín,obec,38,,,,,,,,,,
509566,Beňadovo,obec,38,,,,,,,,,,
509582,Bobrov,obec,38,,,,,,,,,,
509591,Breza,obec,38,,,,,,,,,,
509680,Hruštín,obec,38,,,,,,,,,,
509728,Klin,obec,38,,,,,,,,,,
509779,Krušetnica,obec,38,,,,,,,,,,
509809,Lokca,obec,38,,,,,,,,,,
509817,Lomná,obec,38,,,,,,,,,,
509850,Mútne,obec,38,,,,,,,,,,
509884,Novoť,obec,38,,,,,,,,,,
509868,Námestovo,mesto,38,,,,,,,,,,
509892,Oravská Jasenica,obec,38,,,,,,,,,,
509906,Oravská Lesná,obec,38,,,,,,,,,,
509914,Oravská Polhora,obec,38,,,,,,,,,,
509931,Oravské Veselé,obec,38,,,,,,,,,,
510025,Rabča,obec,38,,,,,,,,,,
510033,Rabčice,obec,38,,,,,,,,,,
510050,Sihelné,obec,38,,,,,,,,,,
510149,Vasiľov,obec,38,,,,,,,,,,
510157,Vavrečka,obec,38,,,,,,,,,,
510246,Zubrohlava,obec,38,,,,,,,,,,
510203,Zákamenné,obec,38,,,,,,,,,,
510092,Ťapešovo,obec,38,,,,,,,,,,
542733,Bošany,obec,20,,,,,,,,,,
580449,Brodzany,obec,20,,,,,,,,,,
543004,Chynorany,obec,20,,,,,,,,,,
542962,Hradište,obec,20,,,,,,,,,,
556416,Ješkova Ves,obec,20,,,,,,,,,,
543047,Klátova Nová Ves,obec,20,,,,,,,,,,
543055,Kolačno,obec,20,,,,,,,,,,
556246,Krásno,obec,20,,,,,,,,,,
556173,Livina,obec,20,,,,,,,,,,
556190,Livinské Opatovce,obec,20,,,,,,,,,,
505129,Malé Kršteňany,obec,20,,,,,,,,,,
580953,Malé Uherce,obec,20,,,,,,,,,,
505170,Nadlice,obec,20,,,,,,,,,,
505196,Nedanovce,obec,20,,,,,,,,,,
505307,Ostratice,obec,20,,,,,,,,,,
505315,Partizánske,mesto,20,,,,,,,,,,
505323,Pažiť,obec,20,,,,,,,,,,
505463,Skačany,obec,20,,,,,,,,,,
556271,Turčianky,obec,20,,,,,,,,,,
505706,Veľké Kršteňany,obec,20,,,,,,,,,,
505722,Veľké Uherce,obec,20,,,,,,,,,,
505731,Veľký Klíž,obec,20,,,,,,,,,,
505803,Žabokreky nad Nitrou,obec,20,,,,,,,,,,
507849,Budmerice,obec,7,,,,,,,,,,
507806,Báhoň,obec,7,,,,,,,,,,
507873,Doľany,obec,7,,,,,,,,,,
507881,Dubová,obec,7,,,,,,,,,,
507946,Jablonec,obec,7,,,,,,,,,,
508047,Limbach,obec,7,,,,,,,,,,
508101,Modra,mesto,7,,,,,,,,,,
508179,Pezinok,mesto,7,,,,,,,,,,
508187,Píla,obec,7,,,,,,,,,,
508225,Slovenský Grob,obec,7,,,,,,,,,,
507989,Svätý Jur,mesto,7,,,,,,,,,,
508306,Viničné,obec,7,,,,,,,,,,
508314,Vinosady,obec,7,,,,,,,,,,
508322,Vištuk,obec,7,,,,,,,,,,
507857,Častá,obec,7,,,,,,,,,,
508250,Šenkvice,obec,7,,,,,,,,,,
508268,Štefanová,obec,7,,,,,,,,,,
581399,Banka,obec,12,,,,,,,,,,
558354,Bašovce,obec,12,,,,,,,,,,
506834,Borovce,obec,12,,,,,,,,,,
507121,Chtelnica,obec,12,,,,,,,,,,
506982,Dolný Lopašov,obec,12,,,,,,,,,,
506991,Drahovce,obec,12,,,,,,,,,,
507008,Dubovany,obec,12,,,,,,,,,,
558338,Ducové,obec,12,,,,,,,,,,
556581,Hubina,obec,12,,,,,,,,,,
507199,Kočín-Lančár,obec,12,,,,,,,,,,
507229,Krakovany,obec,12,,,,,,,,,,
507342,Moravany nad Váhom,obec,12,,,,,,,,,,
507369,Nižná,obec,12,,,,,,,,,,
507385,Ostrov,obec,12,,,,,,,,,,
507431,Pečeňady,obec,12,,,,,,,,,,
507440,Piešťany,mesto,12,,,,,,,,,,
507466,Prašník,obec,12,,,,,,,,,,
507482,Rakovice,obec,12,,,,,,,,,,
507491,Ratnovce,obec,12,,,,,,,,,,
507563,Sokolovce,obec,12,,,,,,,,,,
507679,Trebatice,obec,12,,,,,,,,,,
507725,Veselé,obec,12,,,,,,,,,,
507709,Veľké Kostoľany,obec,12,,,,,,,,,,
556572,Veľké Orvište,obec,12,,,,,,,,,,
507750,Vrbové,mesto,12,,,,,,,,,,
556548,Šterusy,obec,12,,,,,,,,,,
558397,Šípkové,obec,12,,,,,,,,,,
511269,Breznička,obec,49,,,,,,,,,,
511315,Cinobaňa,obec,49,,,,,,,,,,
511447,Hradište,obec,49,,,,,,,,,,
514900,Hrnčiarska Ves,obec,49,,,,,,,,,,
514918,Hrnčiarske Zalužany,obec,49,,,,,,,,,,
511471,Kalinovo,obec,49,,,,,,,,,,
511498,Kokava nad Rimavicou,obec,49,,,,,,,,,,
511501,Krná,obec,49,,,,,,,,,,
511617,Mládzovo,obec,49,,,,,,,,,,
511595,Málinec,obec,49,,,,,,,,,,
511684,Ozdín,obec,49,,,,,,,,,,
511765,Poltár,mesto,49,,,,,,,,,,
511820,Rovňany,obec,49,,,,,,,,,,
515515,Selce,obec,49,,,,,,,,,,
515591,Sušany,obec,49,,,,,,,,,,
511978,Uhorské,obec,49,,,,,,,,,,
580317,Utekáč,obec,49,,,,,,,,,,
512001,Veľká Ves,obec,49,,,,,,,,,,
582051,Zlatno,obec,49,,,,,,,,,,
511340,České Brezovo,obec,49,,,,,,,,,,
557323,Ďubákovo,obec,49,,,,,,,,,,
511889,Šoltýska,obec,49,,,,,,,,,,
523402,Batizovce,obec,61,,,,,,,,,,
523445,Gerlachov,obec,61,,,,,,,,,,
523437,Gánovce,obec,61,,,,,,,,,,
523496,Hozelec,obec,61,,,,,,,,,,
523518,Hranovnica,obec,61,,,,,,,,,,
523488,Hôrka,obec,61,,,,,,,,,,
523542,Jánovce,obec,61,,,,,,,,,,
523593,Kravany,obec,61,,,,,,,,,,
523631,Liptovská Teplička,obec,61,,,,,,,,,,
523658,Lučivná,obec,61,,,,,,,,,,
523721,Mengusovce,obec,61,,,,,,,,,,
523747,Mlynica,obec,61,,,,,,,,,,
523763,Nová Lesná,obec,61,,,,,,,,,,
523381,Poprad,mesto,61,,,,,,,,,,
523844,Spišská Teplica,obec,61,,,,,,,,,,
523852,Spišské Bystré,obec,61,,,,,,,,,,
523879,Spišský Štiavnik,obec,61,,,,,,,,,,
523925,Svit,mesto,61,,,,,,,,,,
580368,Tatranská Javorina,obec,61,,,,,,,,,,
524026,Vernár,obec,61,,,,,,,,,,
524018,Veľký Slavkov,obec,61,,,,,,,,,,
524034,Vikartovce,obec,61,,,,,,,,,,
524093,Vydrník,obec,61,,,,,,,,,,
560103,Vysoké Tatry,mesto,61,,,,,,,,,,
523933,Štrba,obec,61,,,,,,,,,,
559890,Štôla,obec,61,,,,,,,,,,
524107,Šuňava,obec,61,,,,,,,,,,
523950,Švábovce,obec,61,,,,,,,,,,
524131,Ždiar,obec,61,,,,,,,,,,
557633,Bodiná,obec,21,,,,,,,,,,
512915,Brvnište,obec,21,,,,,,,,,,
512966,Dolná Mariková,obec,21,,,,,,,,,,
546640,Dolný Lieskov,obec,21,,,,,,,,,,
513008,Domaniža,obec,21,,,,,,,,,,
557510,Hatné,obec,21,,,,,,,,,,
513083,Horná Mariková,obec,21,,,,,,,,,,
580856,Horný Lieskov,obec,21,,,,,,,,,,
513172,Jasenica,obec,21,,,,,,,,,,
557552,Klieština,obec,21,,,,,,,,,,
513245,Kostolec,obec,21,,,,,,,,,,
557579,Malé Lednice,obec,21,,,,,,,,,,
513466,Papradno,obec,21,,,,,,,,,,
513474,Plevník-Drienové,obec,21,,,,,,,,,,
580864,Podskalie,obec,21,,,,,,,,,,
512842,Považská Bystrica,mesto,21,,,,,,,,,,
558222,Počarová,obec,21,,,,,,,,,,
513563,Prečín,obec,21,,,,,,,,,,
513601,Pružina,obec,21,,,,,,,,,,
557480,Slopná,obec,21,,,,,,,,,,
513687,Stupné,obec,21,,,,,,,,,,
518913,Sverepec,obec,21,,,,,,,,,,
557595,Sádočné,obec,21,,,,,,,,,,
513741,Udiča,obec,21,,,,,,,,,,
513784,Vrchteplá,obec,21,,,,,,,,,,
513822,Záskalie,obec,21,,,,,,,,,,
557561,Čelkova Lehota,obec,21,,,,,,,,,,
557609,Ďurďové,obec,21,,,,,,,,,,
524158,Abranovce,obec,62,,,,,,,,,,
524174,Bajerov,obec,62,,,,,,,,,,
524191,Bertotovce,obec,62,,,,,,,,,,
524212,Brestov,obec,62,,,,,,,,,,
524221,Bretejovce,obec,62,,,,,,,,,,
524255,Brežany,obec,62,,,,,,,,,,
524263,Bzenov,obec,62,,,,,,,,,,
524506,Chmeľov,obec,62,,,,,,,,,,
524514,Chmeľovec,obec,62,,,,,,,,,,
524522,Chminianska Nová Ves,obec,62,,,,,,,,,,
524531,Chminianske Jakubovany,obec,62,,,,,,,,,,
524549,Chmiňany,obec,62,,,,,,,,,,
524336,Demjata,obec,62,,,,,,,,,,
524352,Drienov,obec,62,,,,,,,,,,
524361,Drienovská Nová Ves,obec,62,,,,,,,,,,
524387,Dulova Ves,obec,62,,,,,,,,,,
524395,Fintice,obec,62,,,,,,,,,,
524409,Fričovce,obec,62,,,,,,,,,,
524417,Fulianka,obec,62,,,,,,,,,,
524425,Geraltov,obec,62,,,,,,,,,,
524433,Gregorovce,obec,62,,,,,,,,,,
518522,Haniska,obec,62,,,,,,,,,,
524450,Hendrichovce,obec,62,,,,,,,,,,
524468,Hermanovce,obec,62,,,,,,,,,,
524476,Hrabkov,obec,62,,,,,,,,,,
524581,Janov,obec,62,,,,,,,,,,
524590,Janovík,obec,62,,,,,,,,,,
524620,Kapušany,obec,62,,,,,,,,,,
524638,Kendice,obec,62,,,,,,,,,,
524646,Klenov,obec,62,,,,,,,,,,
524654,Kojatice,obec,62,,,,,,,,,,
524662,Kokošovce,obec,62,,,,,,,,,,
524697,Krížovany,obec,62,,,,,,,,,,
524701,Kvačany,obec,62,,,,,,,,,,
524727,Lada,obec,62,,,,,,,,,,
524735,Lažany,obec,62,,,,,,,,,,
524743,Lemešany,obec,62,,,,,,,,,,
524751,Lesíček,obec,62,,,,,,,,,,
559971,Lipníky,obec,62,,,,,,,,,,
524786,Lipovce,obec,62,,,,,,,,,,
524760,Ličartovce,obec,62,,,,,,,,,,
524808,Lúčina,obec,62,,,,,,,,,,
524832,Malý Slivník,obec,62,,,,,,,,,,
524841,Malý Šariš,obec,62,,,,,,,,,,
556823,Medzany,obec,62,,,,,,,,,,
524867,Miklušovce,obec,62,,,,,,,,,,
524883,Mirkovce,obec,62,,,,,,,,,,
524905,Mošurov,obec,62,,,,,,,,,,
524913,Nemcovce,obec,62,,,,,,,,,,
524930,Okružná,obec,62,,,,,,,,,,
524964,Ondrašovce,obec,62,,,,,,,,,,
524999,Ovčie,obec,62,,,,,,,,,,
525014,Petrovany,obec,62,,,,,,,,,,
525022,Podhorany,obec,62,,,,,,,,,,
525031,Podhradík,obec,62,,,,,,,,,,
524140,Prešov,mesto,62,,,,,,,,,,
525057,Proč,obec,62,,,,,,,,,,
525065,Pušovce,obec,62,,,,,,,,,,
525073,Radatice,obec,62,,,,,,,,,,
525111,Rokycany,obec,62,,,,,,,,,,
525138,Ruská Nová Ves,obec,62,,,,,,,,,,
525154,Sedlice,obec,62,,,,,,,,,,
525162,Seniakovce,obec,62,,,,,,,,,,
559989,Suchá Dolina,obec,62,,,,,,,,,,
525171,Svinia,obec,62,,,,,,,,,,
525286,Teriakovce,obec,62,,,,,,,,,,
525294,Terňa,obec,62,,,,,,,,,,
525324,Trnkov,obec,62,,,,,,,,,,
525332,Tuhrina,obec,62,,,,,,,,,,
525341,Tulčík,obec,62,,,,,,,,,,
525383,Varhaňovce,obec,62,,,,,,,,,,
525391,Veľký Slivník,obec,62,,,,,,,,,,
525405,Veľký Šariš,mesto,62,,,,,,,,,,
525430,Vyšná Šebastová,obec,62,,,,,,,,,,
525413,Víťaz,obec,62,,,,,,,,,,
525472,Zlatá Baňa,obec,62,,,,,,,,,,
525448,Záborské,obec,62,,,,,,,,,,
525456,Záhradné,obec,62,,,,,,,,,,
524271,Čelovce,obec,62,,,,,,,,,,
524301,Červenica,obec,62,,,,,,,,,,
518590,Ľubotice,obec,62,,,,,,,,,,
524794,Ľubovec,obec,62,,,,,,,,,,
525189,Šarišská Poruba,obec,62,,,,,,,,,,
525197,Šarišská Trstená,obec,62,,,,,,,,,,
525201,Šarišské Bohdanovce,obec,62,,,,,,,,,,
525251,Šindliar,obec,62,,,,,,,,,,
525260,Široké,obec,62,,,,,,,,,,
525278,Štefanovce,obec,62,,,,,,,,,,
525499,Žehňa,obec,62,,,,,,,,,,
525502,Žipov,obec,62,,,,,,,,,,
525511,Župčany,obec,62,,,,,,,,,,
513903,Bojnice,mesto,22,,,,,,,,,,
513911,Bystričany,obec,22,,,,,,,,,,
514021,Chrenovec-Brusno,obec,22,,,,,,,,,,
514039,Chvojnica,obec,22,,,,,,,,,,
513920,Cigeľ,obec,22,,,,,,,,,,
513954,Diviacka Nová Ves,obec,22,,,,,,,,,,
513962,Diviaky nad Nitricou,obec,22,,,,,,,,,,
513971,Dlžín,obec,22,,,,,,,,,,
513989,Dolné Vestenice,obec,22,,,,,,,,,,
513997,Handlová,mesto,22,,,,,,,,,,
514004,Horná Ves,obec,22,,,,,,,,,,
514012,Horné Vestenice,obec,22,,,,,,,,,,
557714,Jalovec,obec,22,,,,,,,,,,
514063,Kamenec pod Vtáčnikom,obec,22,,,,,,,,,,
514071,Kanianka,obec,22,,,,,,,,,,
514098,Kocurany,obec,22,,,,,,,,,,
514101,Kostolná Ves,obec,22,,,,,,,,,,
514110,Koš,obec,22,,,,,,,,,,
514080,Kľačno,obec,22,,,,,,,,,,
514128,Lazany,obec,22,,,,,,,,,,
514136,Lehota pod Vtáčnikom,obec,22,,,,,,,,,,
514144,Liešťany,obec,22,,,,,,,,,,
557706,Lipník,obec,22,,,,,,,,,,
514187,Malinová,obec,22,,,,,,,,,,
514179,Malá Čausa,obec,22,,,,,,,,,,
514209,Nedožery-Brezany,obec,22,,,,,,,,,,
514217,Nevidzany,obec,22,,,,,,,,,,
514225,Nitrianske Pravno,obec,22,,,,,,,,,,
514233,Nitrianske Rudno,obec,22,,,,,,,,,,
514241,Nitrianske Sučany,obec,22,,,,,,,,,,
514250,Nitrica,obec,22,,,,,,,,,,
514268,Nováky,mesto,22,,,,,,,,,,
514284,Opatovce nad Nitrou,obec,22,,,,,,,,,,
514292,Oslany,obec,22,,,,,,,,,,
514306,Podhradie,obec,22,,,,,,,,,,
514314,Poluvsie,obec,22,,,,,,,,,,
514322,Poruba,obec,22,,,,,,,,,,
514331,Pravenec,obec,22,,,,,,,,,,
513881,Prievidza,mesto,22,,,,,,,,,,
514349,Radobica,obec,22,,,,,,,,,,
514365,Rudnianska Lehota,obec,22,,,,,,,,,,
514357,Ráztočno,obec,22,,,,,,,,,,
514373,Sebedražie,obec,22,,,,,,,,,,
514381,Seč,obec,22,,,,,,,,,,
514403,Temeš,obec,22,,,,,,,,,,
514411,Tužina,obec,22,,,,,,,,,,
514420,Valaská Belá,obec,22,,,,,,,,,,
514438,Veľká Čausa,obec,22,,,,,,,,,,
514454,Zemianske Kostoľany,obec,22,,,,,,,,,,
513938,Čavoj,obec,22,,,,,,,,,,
513946,Čereňany,obec,22,,,,,,,,,,
514390,Šútovce,obec,22,,,,,,,,,,
512851,Beluša,obec,23,,,,,,,,,,
512940,Dohňany,obec,23,,,,,,,,,,
512958,Dolná Breznica,obec,23,,,,,,,,,,
557439,Dolné Kočkovce,obec,23,,,,,,,,,,
557692,Horná Breznica,obec,23,,,,,,,,,,
513121,Horovce,obec,23,,,,,,,,,,
557501,Kvašov,obec,23,,,,,,,,,,
513300,Lazy pod Makytou,obec,23,,,,,,,,,,
513318,Lednica,obec,23,,,,,,,,,,
513326,Lednické Rovne,obec,23,,,,,,,,,,
513342,Lysá pod Makytou,obec,23,,,,,,,,,,
513334,Lúky,obec,23,,,,,,,,,,
513377,Mestečko,obec,23,,,,,,,,,,
513407,Mojtín,obec,23,,,,,,,,,,
557447,Nimnica,obec,23,,,,,,,,,,
513610,Púchov,mesto,23,,,,,,,,,,
557471,Streženice,obec,23,,,,,,,,,,
513776,Visolaje,obec,23,,,,,,,,,,
557498,Vydrná,obec,23,,,,,,,,,,
500348,Zubák,obec,23,,,,,,,,,,
513814,Záriečie,obec,23,,,,,,,,,,
514977,Chvalová,obec,50,,,,,,,,,,
525774,Chyžné,obec,50,,,,,,,,,,
514675,Držkovce,obec,50,,,,,,,,,,
514721,Gemer,obec,50,,,,,,,,,,
514756,Gemerská Ves,obec,50,,,,,,,,,,
525677,Gemerské Teplice,obec,50,,,,,,,,,,
525685,Gemerský Sad,obec,50,,,,,,,,,,
514896,Hrlica,obec,50,,,,,,,,,,
525766,Hucín,obec,50,,,,,,,,,,
525791,Jelšava,mesto,50,,,,,,,,,,
525812,Kameňany,obec,50,,,,,,,,,,
515159,Levkuška,obec,50,,,,,,,,,,
515574,Leváre,obec,50,,,,,,,,,,
525901,Licince,obec,50,,,,,,,,,,
525928,Lubeník,obec,50,,,,,,,,,,
525944,Magnezitovce,obec,50,,,,,,,,,,
580384,Mokrá Lúka,obec,50,,,,,,,,,,
525995,Muránska Dlhá Lúka,obec,50,,,,,,,,,,
526002,Muránska Huta,obec,50,,,,,,,,,,
526011,Muránska Lehota,obec,50,,,,,,,,,,
526029,Muránska Zdychava,obec,50,,,,,,,,,,
525987,Muráň,obec,50,,,,,,,,,,
526037,Nandraž,obec,50,,,,,,,,,,
515256,Otročok,obec,50,,,,,,,,,,
515302,Ploské,obec,50,,,,,,,,,,
515311,Polina,obec,50,,,,,,,,,,
526100,Prihradzany,obec,50,,,,,,,,,,
515400,Ratkovské Bystré,obec,50,,,,,,,,,,
515370,Ratková,obec,50,,,,,,,,,,
515361,Rašice,obec,50,,,,,,,,,,
526142,Revúca,mesto,50,,,,,,,,,,
526151,Revúcka Lehota,obec,50,,,,,,,,,,
515507,Rybník,obec,50,,,,,,,,,,
526118,Rákoš,obec,50,,,,,,,,,,
526258,Sirk,obec,50,,,,,,,,,,
515523,Skerešovo,obec,50,,,,,,,,,,
557820,Sása,obec,50,,,,,,,,,,
515612,Tornaľa,mesto,50,,,,,,,,,,
526321,Turčok,obec,50,,,,,,,,,,
515761,Višňové,obec,50,,,,,,,,,,
526304,Šivetice,obec,50,,,,,,,,,,
515833,Žiar,obec,50,,,,,,,,,,
557757,Abovce,obec,51,,,,,,,,,,
514489,Babinec,obec,51,,,,,,,,,,
514501,Barca,obec,51,,,,,,,,,,
514535,Belín,obec,51,,,,,,,,,,
514543,Blhovce,obec,51,,,,,,,,,,
514551,Bottovo,obec,51,,,,,,,,,,
514586,Budikovany,obec,51,,,,,,,,,,
514519,Bátka,obec,51,,,,,,,,,,
514594,Cakov,obec,51,,,,,,,,,,
514951,Chanava,obec,51,,,,,,,,,,
514969,Chrámec,obec,51,,,,,,,,,,
514632,Dolné Zahorany,obec,51,,,,,,,,,,
514641,Dražice,obec,51,,,,,,,,,,
514659,Drienčany,obec,51,,,,,,,,,,
514667,Drňa,obec,51,,,,,,,,,,
514683,Dubno,obec,51,,,,,,,,,,
514691,Dubovec,obec,51,,,,,,,,,,
557919,Dulovo,obec,51,,,,,,,,,,
514713,Figa,obec,51,,,,,,,,,,
514764,Gemerské Dechtáre,obec,51,,,,,,,,,,
557889,Gemerské Michalovce,obec,51,,,,,,,,,,
514781,Gemerský Jablonec,obec,51,,,,,,,,,,
514730,Gemerček,obec,51,,,,,,,,,,
514799,Gortva,obec,51,,,,,,,,,,
514811,Hajnáčka,obec,51,,,,,,,,,,
514829,Hnúšťa,mesto,51,,,,,,,,,,
514837,Hodejov,obec,51,,,,,,,,,,
514845,Hodejovec,obec,51,,,,,,,,,,
514853,Horné Zahorany,obec,51,,,,,,,,,,
514861,Hostice,obec,51,,,,,,,,,,
514870,Hostišovce,obec,51,,,,,,,,,,
514888,Hrachovo,obec,51,,,,,,,,,,
514926,Hrušovo,obec,51,,,,,,,,,,
514934,Hubovo,obec,51,,,,,,,,,,
514942,Husiná,obec,51,,,,,,,,,,
514985,Ivanice,obec,51,,,,,,,,,,
514993,Janice,obec,51,,,,,,,,,,
515001,Jesenské,obec,51,,,,,,,,,,
515019,Jestice,obec,51,,,,,,,,,,
515027,Kaloša,obec,51,,,,,,,,,,
515035,Kesovce,obec,51,,,,,,,,,,
515043,Klenovec,obec,51,,,,,,,,,,
515051,Kociha,obec,51,,,,,,,,,,
515060,Konrádovce,obec,51,,,,,,,,,,
515086,Kraskovo,obec,51,,,,,,,,,,
515094,Krokava,obec,51,,,,,,,,,,
515108,Kružno,obec,51,,,,,,,,,,
515078,Kráľ,obec,51,,,,,,,,,,
515116,Kyjatice,obec,51,,,,,,,,,,
515124,Lehota nad Rimavicou,obec,51,,,,,,,,,,
515132,Lenartovce,obec,51,,,,,,,,,,
515141,Lenka,obec,51,,,,,,,,,,
515167,Lipovec,obec,51,,,,,,,,,,
515175,Lukovištia,obec,51,,,,,,,,,,
515183,Martinová,obec,51,,,,,,,,,,
515205,Neporadza,obec,51,,,,,,,,,,
557790,Nižný Skálnik,obec,51,,,,,,,,,,
515230,Nová Bašta,obec,51,,,,,,,,,,
515248,Orávka,obec,51,,,,,,,,,,
515264,Ožďany,obec,51,,,,,,,,,,
515272,Padarovce,obec,51,,,,,,,,,,
515281,Pavlovce,obec,51,,,,,,,,,,
515299,Petrovce,obec,51,,,,,,,,,,
515337,Poproč,obec,51,,,,,,,,,,
515345,Potok,obec,51,,,,,,,,,,
515353,Radnovce,obec,51,,,,,,,,,,
557854,Rakytník,obec,51,,,,,,,,,,
515388,Ratkovská Lehota,obec,51,,,,,,,,,,
515396,Ratkovská Suchá,obec,51,,,,,,,,,,
557765,Riečka,obec,51,,,,,,,,,,
515426,Rimavská Baňa,obec,51,,,,,,,,,,
515442,Rimavská Seč,obec,51,,,,,,,,,,
514462,Rimavská Sobota,mesto,51,,,,,,,,,,
515451,Rimavské Brezovo,obec,51,,,,,,,,,,
515469,Rimavské Janovce,obec,51,,,,,,,,,,
557811,Rimavské Zalužany,obec,51,,,,,,,,,,
515485,Rovné,obec,51,,,,,,,,,,
515493,Rumince,obec,51,,,,,,,,,,
515531,Slizké,obec,51,,,,,,,,,,
515540,Stará Bašta,obec,51,,,,,,,,,,
515566,Stránska,obec,51,,,,,,,,,,
515582,Studená,obec,51,,,,,,,,,,
515604,Sútor,obec,51,,,,,,,,,,
515663,Tachty,obec,51,,,,,,,,,,
515671,Teplý Vrch,obec,51,,,,,,,,,,
515680,Tisovec,mesto,51,,,,,,,,,,
515698,Tomášovce,obec,51,,,,,,,,,,
515701,Uzovská Panica,obec,51,,,,,,,,,,
515795,Valice,obec,51,,,,,,,,,,
515728,Večelkov,obec,51,,,,,,,,,,
515736,Veľké Teriakovce,obec,51,,,,,,,,,,
515744,Veľký Blh,obec,51,,,,,,,,,,
515752,Vieska nad Blhom,obec,51,,,,,,,,,,
515779,Vlkyňa,obec,51,,,,,,,,,,
557901,Vyšné Valice,obec,51,,,,,,,,,,
515809,Vyšný Skálnik,obec,51,,,,,,,,,,
515710,Včelince,obec,51,,,,,,,,,,
557927,Zacharovce,obec,51,,,,,,,,,,
515817,Zádor,obec,51,,,,,,,,,,
514608,Čerenčany,obec,51,,,,,,,,,,
514616,Čierny Potok,obec,51,,,,,,,,,,
514624,Číž,obec,51,,,,,,,,,,
515621,Šimonovce,obec,51,,,,,,,,,,
515639,Širkovce,obec,51,,,,,,,,,,
515647,Španie Pole,obec,51,,,,,,,,,,
515655,Štrkovec,obec,51,,,,,,,,,,
515841,Žíp,obec,51,,,,,,,,,,
525537,Ardovo,obec,76,,,,,,,,,,
525545,Betliar,obec,76,,,,,,,,,,
525553,Bohúňovo,obec,76,,,,,,,,,,
525570,Brdárka,obec,76,,,,,,,,,,
514578,Bretka,obec,76,,,,,,,,,,
560022,Brzotín,obec,76,,,,,,,,,,
525561,Bôrka,obec,76,,,,,,,,,,
525618,Dedinky,obec,76,,,,,,,,,,
525626,Dlhá Ves,obec,76,,,,,,,,,,
525634,Dobšiná,mesto,76,,,,,,,,,,
525642,Drnava,obec,76,,,,,,,,,,
525651,Gemerská Hôrka,obec,76,,,,,,,,,,
514748,Gemerská Panica,obec,76,,,,,,,,,,
525669,Gemerská Poloma,obec,76,,,,,,,,,,
525693,Gočaltovo,obec,76,,,,,,,,,,
525707,Gočovo,obec,76,,,,,,,,,,
525715,Hanková,obec,76,,,,,,,,,,
525723,Henckovce,obec,76,,,,,,,,,,
525731,Honce,obec,76,,,,,,,,,,
525740,Hrhov,obec,76,,,,,,,,,,
525758,Hrušov,obec,76,,,,,,,,,,
525782,Jablonov nad Turňou,obec,76,,,,,,,,,,
560049,Jovice,obec,76,,,,,,,,,,
525821,Kečovo,obec,76,,,,,,,,,,
525839,Kobeliarovo,obec,76,,,,,,,,,,
525847,Koceľovce,obec,76,,,,,,,,,,
525855,Kováčová,obec,76,,,,,,,,,,
560065,Kružná,obec,76,,,,,,,,,,
525863,Krásnohorská Dlhá Lúka,obec,76,,,,,,,,,,
525871,Krásnohorské Podhradie,obec,76,,,,,,,,,,
525898,Kunova Teplica,obec,76,,,,,,,,,,
525910,Lipovník,obec,76,,,,,,,,,,
525936,Lúčka,obec,76,,,,,,,,,,
525952,Markuška,obec,76,,,,,,,,,,
525961,Meliata,obec,76,,,,,,,,,,
526045,Nižná Slaná,obec,76,,,,,,,,,,
526053,Ochtiná,obec,76,,,,,,,,,,
526061,Pača,obec,76,,,,,,,,,,
526070,Pašková,obec,76,,,,,,,,,,
526088,Petrovo,obec,76,,,,,,,,,,
526096,Plešivec,obec,76,,,,,,,,,,
526126,Rakovnica,obec,76,,,,,,,,,,
526134,Rejdová,obec,76,,,,,,,,,,
526177,Rochovce,obec,76,,,,,,,,,,
526193,Rozložná,obec,76,,,,,,,,,,
526185,Roštár,obec,76,,,,,,,,,,
525529,Rožňava,mesto,76,,,,,,,,,,
526207,Rožňavské Bystré,obec,76,,,,,,,,,,
526215,Rudná,obec,76,,,,,,,,,,
526223,Silica,obec,76,,,,,,,,,,
526231,Silická Brezová,obec,76,,,,,,,,,,
526240,Silická Jablonica,obec,76,,,,,,,,,,
526266,Slavec,obec,76,,,,,,,,,,
526274,Slavoška,obec,76,,,,,,,,,,
526282,Slavošovce,obec,76,,,,,,,,,,
526291,Stratená,obec,76,,,,,,,,,,
526339,Vlachovo,obec,76,,,,,,,,,,
526347,Vyšná Slaná,obec,76,,,,,,,,,,
525596,Čierna Lehota,obec,76,,,,,,,,,,
525600,Čoltovo,obec,76,,,,,,,,,,
560031,Čučma,obec,76,,,,,,,,,,
526312,Štítnik,obec,76,,,,,,,,,,
510301,Bešeňová,obec,39,,,,,,,,,,
510441,Hubová,obec,39,,,,,,,,,,
507300,Ivachnová,obec,39,,,,,,,,,,
510530,Kalameny,obec,39,,,,,,,,,,
510548,Komjatná,obec,39,,,,,,,,,,
510599,Likavka,obec,39,,,,,,,,,,
510629,Liptovská Lúžna,obec,39,,,,,,,,,,
510637,Liptovská Osada,obec,39,,,,,,,,,,
510670,Liptovská Teplá,obec,39,,,,,,,,,,
510661,Liptovská Štiavnica,obec,39,,,,,,,,,,
510718,Liptovské Revúce,obec,39,,,,,,,,,,
511005,Liptovské Sliače,obec,39,,,,,,,,,,
510742,Liptovský Michal,obec,39,,,,,,,,,,
510785,Lisková,obec,39,,,,,,,,,,
510823,Ludrová,obec,39,,,,,,,,,,
510815,Lúčky,obec,39,,,,,,,,,,
510866,Martinček,obec,39,,,,,,,,,,
510955,Potok,obec,39,,,,,,,,,,
510998,Ružomberok,mesto,39,,,,,,,,,,
511030,Stankovany,obec,39,,,,,,,,,,
507407,Turík,obec,39,,,,,,,,,,
511102,Valaská Dubová,obec,39,,,,,,,,,,
510807,Ľubochňa,obec,39,,,,,,,,,,
511056,Štiavnička,obec,39,,,,,,,,,,
511064,Švošov,obec,39,,,,,,,,,,
524182,Bajerovce,obec,63,,,,,,,,,,
524204,Bodovce,obec,63,,,,,,,,,,
524239,Brezovica,obec,63,,,,,,,,,,
524247,Brezovička,obec,63,,,,,,,,,,
524328,Daletice,obec,63,,,,,,,,,,
524344,Drienica,obec,63,,,,,,,,,,
524379,Dubovica,obec,63,,,,,,,,,,
524441,Hanigovce,obec,63,,,,,,,,,,
524492,Hubošovce,obec,63,,,,,,,,,,
524557,Jakovany,obec,63,,,,,,,,,,
524565,Jakubova Voľa,obec,63,,,,,,,,,,
524573,Jakubovany,obec,63,,,,,,,,,,
524603,Jarovnice,obec,63,,,,,,,,,,
524611,Kamenica,obec,63,,,,,,,,,,
524689,Krivany,obec,63,,,,,,,,,,
524671,Krásna Lúka,obec,63,,,,,,,,,,
524778,Lipany,mesto,63,,,,,,,,,,
524816,Lúčka,obec,63,,,,,,,,,,
524875,Milpoš,obec,63,,,,,,,,,,
524921,Nižný Slavkov,obec,63,,,,,,,,,,
524948,Olejníkov,obec,63,,,,,,,,,,
524981,Ostrovany,obec,63,,,,,,,,,,
524956,Oľšov,obec,63,,,,,,,,,,
525006,Pečovská Nová Ves,obec,63,,,,,,,,,,
525049,Poloma,obec,63,,,,,,,,,,
525081,Ratvaj,obec,63,,,,,,,,,,
525090,Ražňany,obec,63,,,,,,,,,,
525103,Renčišov,obec,63,,,,,,,,,,
525120,Rožkovany,obec,63,,,,,,,,,,
525146,Sabinov,mesto,63,,,,,,,,,,
525308,Tichý Potok,obec,63,,,,,,,,,,
525316,Torysa,obec,63,,,,,,,,,,
525359,Uzovce,obec,63,,,,,,,,,,
525367,Uzovské Pekľany,obec,63,,,,,,,,,,
525375,Uzovský Šalgov,obec,63,,,,,,,,,,
525421,Vysoká,obec,63,,,,,,,,,,
524298,Červenica pri Sabinove,obec,63,,,,,,,,,,
524280,Červená Voda,obec,63,,,,,,,,,,
524310,Ďačov,obec,63,,,,,,,,,,
524824,Ľutina,obec,63,,,,,,,,,,
525219,Šarišské Dravce,obec,63,,,,,,,,,,
525235,Šarišské Michaľany,obec,63,,,,,,,,,,
525243,Šarišské Sokolovce,obec,63,,,,,,,,,,
507814,Bernolákovo,obec,8,,,,,,,,,,
507822,Blatné,obec,8,,,,,,,,,,
503681,Boldog,obec,8,,,,,,,,,,
507911,Chorvátsky Grob,obec,8,,,,,,,,,,
545333,Dunajská Lužná,obec,8,,,,,,,,,,
507903,Hamuliakovo,obec,8,,,,,,,,,,
503797,Hrubá Borša,obec,8,,,,,,,,,,
503801,Hrubý Šúr,obec,8,,,,,,,,,,
503819,Hurbanova Ves,obec,8,,,,,,,,,,
555487,Igram,obec,8,,,,,,,,,,
507938,Ivanka pri Dunaji,obec,8,,,,,,,,,,
507997,Kalinkovo,obec,8,,,,,,,,,,
555495,Kaplna,obec,8,,,,,,,,,,
503851,Kostolná pri Dunaji,obec,8,,,,,,,,,,
503894,Kráľová pri Senci,obec,8,,,,,,,,,,
508071,Malinovo,obec,8,,,,,,,,,,
508098,Miloslavov,obec,8,,,,,,,,,,
508110,Most pri Bratislave,obec,8,,,,,,,,,,
508136,Nová Dedinka,obec,8,,,,,,,,,,
582549,Nový Svet,obec,8,,,,,,,,,,
503983,Reca,obec,8,,,,,,,,,,
508209,Rovinka,obec,8,,,,,,,,,,
508217,Senec,mesto,8,,,,,,,,,,
508276,Tomášov,obec,8,,,,,,,,,,
508284,Tureň,obec,8,,,,,,,,,,
508292,Veľký Biel,obec,8,,,,,,,,,,
508331,Vlky,obec,8,,,,,,,,,,
555509,Zálesie,obec,8,,,,,,,,,,
507865,Čataj,obec,8,,,,,,,,,,
504238,Borský Mikuláš,obec,13,,,,,,,,,,
504220,Borský Svätý Jur,obec,13,,,,,,,,,,
504211,Bílkove Humence,obec,13,,,,,,,,,,
504297,Cerová,obec,13,,,,,,,,,,
504335,Dojč,obec,13,,,,,,,,,,
504360,Hlboké,obec,13,,,,,,,,,,
504386,Hradište pod Vrátnom,obec,13,,,,,,,,,,
504416,Jablonica,obec,13,,,,,,,,,,
504475,Koválov,obec,13,,,,,,,,,,
504491,Kuklov,obec,13,,,,,,,,,,
504513,Kúty,obec,13,,,,,,,,,,
504521,Lakšárska Nová Ves,obec,13,,,,,,,,,,
504572,Moravský Svätý Ján,obec,13,,,,,,,,,,
504602,Osuské,obec,13,,,,,,,,,,
504645,Plavecký Peter,obec,13,,,,,,,,,,
504653,Podbranč,obec,13,,,,,,,,,,
504700,Prietrž,obec,13,,,,,,,,,,
504726,Prievaly,obec,13,,,,,,,,,,
556122,Rohov,obec,13,,,,,,,,,,
504777,Rovensko,obec,13,,,,,,,,,,
556131,Rybky,obec,13,,,,,,,,,,
556114,Sekule,obec,13,,,,,,,,,,
504203,Senica,mesto,13,,,,,,,,,,
504823,Smolinské,obec,13,,,,,,,,,,
504831,Smrdáky,obec,13,,,,,,,,,,
504840,Sobotište,obec,13,,,,,,,,,,
504327,Častkov,obec,13,,,,,,,,,,
504319,Čáry,obec,13,,,,,,,,,,
504882,Šajdíkove Humence,obec,13,,,,,,,,,,
504891,Šaštín-Stráže,mesto,13,,,,,,,,,,
504904,Štefanov,obec,13,,,,,,,,,,
504271,Brodské,obec,14,,,,,,,,,,
504394,Chropov,obec,14,,,,,,,,,,
504343,Dubovce,obec,14,,,,,,,,,,
504351,Gbely,mesto,14,,,,,,,,,,
504378,Holíč,mesto,14,,,,,,,,,,
504459,Kopčany,obec,14,,,,,,,,,,
504483,Koválovec,obec,14,,,,,,,,,,
504432,Kátov,obec,14,,,,,,,,,,
504530,Letničie,obec,14,,,,,,,,,,
504548,Lopašov,obec,14,,,,,,,,,,
504564,Mokrý Háj,obec,14,,,,,,,,,,
504599,Oreské,obec,14,,,,,,,,,,
504611,Petrova Ves,obec,14,,,,,,,,,,
504670,Popudinské Močidľany,obec,14,,,,,,,,,,
504718,Prietržka,obec,14,,,,,,,,,,
504734,Radimov,obec,14,,,,,,,,,,
504742,Radošovce,obec,14,,,,,,,,,,
504815,Skalica,mesto,14,,,,,,,,,,
504912,Trnovec,obec,14,,,,,,,,,,
504939,Unín,obec,14,,,,,,,,,,
504963,Vrádište,obec,14,,,,,,,,,,
520039,Belá nad Cirochou,obec,64,,,,,,,,,,
520080,Brezovec,obec,64,,,,,,,,,,
520161,Dlhé nad Cirochou,obec,64,,,,,,,,,,
520179,Dúbrava,obec,64,,,,,,,,,,
520209,Hostovice,obec,64,,,,,,,,,,
520217,Hrabová Roztoka,obec,64,,,,,,,,,,
520284,Jalová,obec,64,,,,,,,,,,
520322,Kalná Roztoka,obec,64,,,,,,,,,,
520365,Klenová,obec,64,,,,,,,,,,
520381,Kolbasov,obec,64,,,,,,,,,,
520390,Kolonica,obec,64,,,,,,,,,,
520438,Ladomirov,obec,64,,,,,,,,,,
520489,Michajlov,obec,64,,,,,,,,,,
520551,Nová Sedlica,obec,64,,,,,,,,,,
520594,Osadné,obec,64,,,,,,,,,,
520632,Parihuzovce,obec,64,,,,,,,,,,
520659,Pichne,obec,64,,,,,,,,,,
520675,Príslop,obec,64,,,,,,,,,,
520641,Pčoliné,obec,64,,,,,,,,,,
520730,Runina,obec,64,,,,,,,,,,
520748,Ruská Volová,obec,64,,,,,,,,,,
520764,Ruský Potok,obec,64,,,,,,,,,,
520802,Snina,mesto,64,,,,,,,,,,
520829,Stakčín,obec,64,,,,,,,,,,
520811,Stakčínska Roztoka,obec,64,,,,,,,,,,
520845,Strihovce,obec,64,,,,,,,,,,
520888,Topoľa,obec,64,,,,,,,,,,
520918,Ubľa,obec,64,,,,,,,,,,
520934,Ulič,obec,64,,,,,,,,,,
520942,Uličské Krivé,obec,64,,,,,,,,,,
521051,Zboj,obec,64,,,,,,,,,,
521108,Zemplínske Hámre,obec,64,,,,,,,,,,
520136,Čukalovce,obec,64,,,,,,,,,,
520870,Šmigovec,obec,64,,,,,,,,,,
522309,Baškovce,obec,77,,,,,,,,,,
522317,Beňatina,obec,77,,,,,,,,,,
522325,Bežovce,obec,77,,,,,,,,,,
522333,Blatná Polianka,obec,77,,,,,,,,,,
522341,Blatné Remety,obec,77,,,,,,,,,,
522350,Blatné Revištia,obec,77,,,,,,,,,,
522384,Bunkovce,obec,77,,,,,,,,,,
522503,Choňkovce,obec,77,,,,,,,,,,
522422,Fekišovce,obec,77,,,,,,,,,,
522457,Hlivištia,obec,77,,,,,,,,,,
522473,Horňa,obec,77,,,,,,,,,,
522490,Husák,obec,77,,,,,,,,,,
522520,Inovce,obec,77,,,,,,,,,,
522538,Jasenov,obec,77,,,,,,,,,,
522554,Jenkovce,obec,77,,,,,,,,,,
522601,Kolibabovce,obec,77,,,,,,,,,,
522643,Koromľa,obec,77,,,,,,,,,,
522627,Koňuš,obec,77,,,,,,,,,,
522678,Kristy,obec,77,,,,,,,,,,
522660,Krčava,obec,77,,,,,,,,,,
522716,Lekárovce,obec,77,,,,,,,,,,
522813,Nižná Rybnica,obec,77,,,,,,,,,,
522821,Nižné Nemecké,obec,77,,,,,,,,,,
522830,Orechová,obec,77,,,,,,,,,,
522856,Ostrov,obec,77,,,,,,,,,,
522899,Petrovce,obec,77,,,,,,,,,,
522911,Pinkovce,obec,77,,,,,,,,,,
522929,Podhoroď,obec,77,,,,,,,,,,
522937,Porostov,obec,77,,,,,,,,,,
522953,Porúbka,obec,77,,,,,,,,,,
522970,Priekopa,obec,77,,,,,,,,,,
523003,Remetské Hámre,obec,77,,,,,,,,,,
523020,Ruskovce,obec,77,,,,,,,,,,
523011,Ruská Bystrá,obec,77,,,,,,,,,,
523038,Ruský Hrabovec,obec,77,,,,,,,,,,
523046,Sejkov,obec,77,,,,,,,,,,
523089,Sobrance,mesto,77,,,,,,,,,,
523143,Svätuš,obec,77,,,,,,,,,,
523160,Tašuľa,obec,77,,,,,,,,,,
523178,Tibava,obec,77,,,,,,,,,,
523232,Veľké Revištia,obec,77,,,,,,,,,,
523267,Vojnatina,obec,77,,,,,,,,,,
523305,Vyšná Rybnica,obec,77,,,,,,,,,,
523313,Vyšné Nemecké,obec,77,,,,,,,,,,
523321,Vyšné Remety,obec,77,,,,,,,,,,
523330,Záhor,obec,77,,,,,,,,,,
523224,Úbrež,obec,77,,,,,,,,,,
526363,Arnutovce,obec,78,,,,,,,,,,
526398,Betlanovce,obec,78,,,,,,,,,,
526436,Bystrany,obec,78,,,,,,,,,,
543152,Chrasť nad Hornádom,obec,78,,,,,,,,,,
526444,Danišovce,obec,78,,,,,,,,,,
526533,Harichovce,obec,78,,,,,,,,,,
526568,Hincovce,obec,78,,,,,,,,,,
526584,Hnilec,obec,78,,,,,,,,,,
526576,Hnilčík,obec,78,,,,,,,,,,
526592,Hrabušice,obec,78,,,,,,,,,,
543161,Iliašovce,obec,78,,,,,,,,,,
543195,Jamník,obec,78,,,,,,,,,,
543209,Kaľava,obec,78,,,,,,,,,,
543250,Kolinovce,obec,78,,,,,,,,,,
543268,Krompachy,mesto,78,,,,,,,,,,
543284,Letanovce,obec,78,,,,,,,,,,
543306,Lieskovany,obec,78,,,,,,,,,,
543331,Markušovce,obec,78,,,,,,,,,,
543349,Matejovce nad Hornádom,obec,78,,,,,,,,,,
543357,Mlynky,obec,78,,,,,,,,,,
543403,Odorín,obec,78,,,,,,,,,,
543411,Olcnava,obec,78,,,,,,,,,,
543438,Oľšavka,obec,78,,,,,,,,,,
543489,Poráč,obec,78,,,,,,,,,,
543519,Rudňany,obec,78,,,,,,,,,,
543527,Slatvina,obec,78,,,,,,,,,,
543535,Slovinky,obec,78,,,,,,,,,,
560154,Smižany,obec,78,,,,,,,,,,
526355,Spišská Nová Ves,mesto,78,,,,,,,,,,
543586,Spišské Tomášovce,obec,78,,,,,,,,,,
543594,Spišské Vlachy,mesto,78,,,,,,,,,,
543616,Spišský Hrušov,obec,78,,,,,,,,,,
543667,Teplička,obec,78,,,,,,,,,,
543721,Vojkovce,obec,78,,,,,,,,,,
543713,Vítkovce,obec,78,,,,,,,,,,
526657,Žehra,obec,78,,,,,,,,,,
526754,Chmeľnica,obec,65,,,,,,,,,,
526690,Forbasy,obec,65,,,,,,,,,,
526703,Hajtovka,obec,65,,,,,,,,,,
526711,Haligovce,obec,65,,,,,,,,,,
526720,Hniezdne,obec,65,,,,,,,,,,
526738,Hraničné,obec,65,,,,,,,,,,
526746,Hromoš,obec,65,,,,,,,,,,
526762,Jakubany,obec,65,,,,,,,,,,
526771,Jarabina,obec,65,,,,,,,,,,
526789,Kamienka,obec,65,,,,,,,,,,
526797,Kolačkov,obec,65,,,,,,,,,,
526801,Kremná,obec,65,,,,,,,,,,
526819,Kyjov,obec,65,,,,,,,,,,
526827,Lacková,obec,65,,,,,,,,,,
526835,Legnava,obec,65,,,,,,,,,,
526843,Lesnica,obec,65,,,,,,,,,,
526851,Litmanová,obec,65,,,,,,,,,,
526860,Lomnička,obec,65,,,,,,,,,,
526886,Malý Lipník,obec,65,,,,,,,,,,
526894,Matysová,obec,65,,,,,,,,,,
526908,Mníšek nad Popradom,obec,65,,,,,,,,,,
526916,Nižné Ružbachy,obec,65,,,,,,,,,,
526924,Nová Ľubovňa,obec,65,,,,,,,,,,
526932,Obručné,obec,65,,,,,,,,,,
526941,Orlov,obec,65,,,,,,,,,,
526959,Plaveč,obec,65,,,,,,,,,,
526967,Plavnica,obec,65,,,,,,,,,,
526975,Podolínec,mesto,65,,,,,,,,,,
526983,Pusté Pole,obec,65,,,,,,,,,,
526991,Ruská Voľa nad Popradom,obec,65,,,,,,,,,,
527009,Starina,obec,65,,,,,,,,,,
526665,Stará Ľubovňa,mesto,65,,,,,,,,,,
527017,Stráňany,obec,65,,,,,,,,,,
527025,Sulín,obec,65,,,,,,,,,,
527068,Veľká Lesná,obec,65,,,,,,,,,,
527076,Veľký Lipník,obec,65,,,,,,,,,,
527084,Vislanka,obec,65,,,,,,,,,,
527092,Vyšné Ružbachy,obec,65,,,,,,,,,,
527050,Údol,obec,65,,,,,,,,,,
526673,Čirč,obec,65,,,,,,,,,,
526681,Ďurková,obec,65,,,,,,,,,,
526878,Ľubotín,obec,65,,,,,,,,,,
527033,Šambron,obec,65,,,,,,,,,,
527041,Šarišské Jastrabie,obec,65,,,,,,,,,,
527114,Baňa,obec,66,,,,,,,,,,
527157,Breznica,obec,66,,,,,,,,,,
527165,Breznička,obec,66,,,,,,,,,,
527173,Brusnica,obec,66,,,,,,,,,,
527181,Bukovce,obec,66,,,,,,,,,,
527190,Bystrá,obec,66,,,,,,,,,,
527203,Bžany,obec,66,,,,,,,,,,
527335,Chotča,obec,66,,,,,,,,,,
527262,Duplín,obec,66,,,,,,,,,,
527289,Gribov,obec,66,,,,,,,,,,
527297,Havaj,obec,66,,,,,,,,,,
527343,Jakušovce,obec,66,,,,,,,,,,
527386,Kolbovce,obec,66,,,,,,,,,,
527408,Korunková,obec,66,,,,,,,,,,
527416,Kožuchovce,obec,66,,,,,,,,,,
527467,Krišľovce,obec,66,,,,,,,,,,
527793,Kručov,obec,66,,,,,,,,,,
527475,Krušinec,obec,66,,,,,,,,,,
527513,Lomné,obec,66,,,,,,,,,,
527521,Makovce,obec,66,,,,,,,,,,
527530,Malá Poľana,obec,66,,,,,,,,,,
527572,Miková,obec,66,,,,,,,,,,
527581,Miňovce,obec,66,,,,,,,,,,
527611,Mrázovce,obec,66,,,,,,,,,,
527637,Nižná Olšava,obec,66,,,,,,,,,,
527700,Oľšavka,obec,66,,,,,,,,,,
527726,Potoky,obec,66,,,,,,,,,,
527718,Potôčky,obec,66,,,,,,,,,,
527815,Soľník,obec,66,,,,,,,,,,
527823,Staškovce,obec,66,,,,,,,,,,
527840,Stropkov,mesto,66,,,,,,,,,,
527912,Tisinec,obec,66,,,,,,,,,,
527921,Tokajík,obec,66,,,,,,,,,,
527939,Turany nad Ondavou,obec,66,,,,,,,,,,
527971,Varechovce,obec,66,,,,,,,,,,
527980,Veľkrop,obec,66,,,,,,,,,,
527998,Vislava,obec,66,,,,,,,,,,
528005,Vladiča,obec,66,,,,,,,,,,
528013,Vojtovce,obec,66,,,,,,,,,,
528021,Vyškovce,obec,66,,,,,,,,,,
528048,Vyšná Olšava,obec,66,,,,,,,,,,
560073,Vyšný Hrabovec,obec,66,,,,,,,,,,
527866,Šandal,obec,66,,,,,,,,,,
527122,Belejovce,obec,67,,,,,,,,,,
527131,Beňadikovce,obec,67,,,,,,,,,,
527149,Bodružal,obec,67,,,,,,,,,,
527211,Cernina,obec,67,,,,,,,,,,
527220,Cigla,obec,67,,,,,,,,,,
527238,Dlhoňa,obec,67,,,,,,,,,,
527246,Dobroslava,obec,67,,,,,,,,,,
527254,Dubová,obec,67,,,,,,,,,,
580601,Dukovce,obec,67,,,,,,,,,,
527271,Fijaš,obec,67,,,,,,,,,,
519197,Giraltovce,mesto,67,,,,,,,,,,
527301,Havranec,obec,67,,,,,,,,,,
527319,Hrabovčík,obec,67,,,,,,,,,,
527327,Hunkovce,obec,67,,,,,,,,,,
527351,Jurkova Voľa,obec,67,,,,,,,,,,
519316,Kalnište,obec,67,,,,,,,,,,
527360,Kapišová,obec,67,,,,,,,,,,
527378,Kečkovce,obec,67,,,,,,,,,,
519332,Kobylnice,obec,67,,,,,,,,,,
527394,Korejovce,obec,67,,,,,,,,,,
527424,Krajná Bystrá,obec,67,,,,,,,,,,
527441,Krajná Porúbka,obec,67,,,,,,,,,,
527432,Krajná Poľana,obec,67,,,,,,,,,,
527459,Krajné Čierno,obec,67,,,,,,,,,,
519391,Kračúnovce,obec,67,,,,,,,,,,
527483,Kružlová,obec,67,,,,,,,,,,
519448,Kuková,obec,67,,,,,,,,,,
527491,Kurimka,obec,67,,,,,,,,,,
527505,Ladomirová,obec,67,,,,,,,,,,
519561,Lužany pri Topli,obec,67,,,,,,,,,,
519537,Lúčka,obec,67,,,,,,,,,,
527548,Matovce,obec,67,,,,,,,,,,
527556,Medvedie,obec,67,,,,,,,,,,
527564,Mestisko,obec,67,,,,,,,,,,
527599,Miroľa,obec,67,,,,,,,,,,
519596,Mičakovce,obec,67,,,,,,,,,,
527602,Mlynárovce,obec,67,,,,,,,,,,
527629,Nižná Jedľová,obec,67,,,,,,,,,,
527645,Nižná Pisaná,obec,67,,,,,,,,,,
527653,Nižný Komárnik,obec,67,,,,,,,,,,
527661,Nižný Mirošov,obec,67,,,,,,,,,,
527670,Nižný Orlík,obec,67,,,,,,,,,,
527688,Nová Polianka,obec,67,,,,,,,,,,
527696,Okrúhle,obec,67,,,,,,,,,,
527734,Príkra,obec,67,,,,,,,,,,
527742,Pstriná,obec,67,,,,,,,,,,
527751,Radoma,obec,67,,,,,,,,,,
527769,Rakovčík,obec,67,,,,,,,,,,
527777,Rovné,obec,67,,,,,,,,,,
527785,Roztoky,obec,67,,,,,,,,,,
527807,Soboš,obec,67,,,,,,,,,,
527831,Stročín,obec,67,,,,,,,,,,
527858,Svidnička,obec,67,,,,,,,,,,
527106,Svidník,mesto,67,,,,,,,,,,
527947,Vagrinec,obec,67,,,,,,,,,,
527955,Valkovce,obec,67,,,,,,,,,,
528030,Vyšná Jedľová,obec,67,,,,,,,,,,
528056,Vyšná Pisaná,obec,67,,,,,,,,,,
528064,Vyšný Komárnik,obec,67,,,,,,,,,,
528072,Vyšný Mirošov,obec,67,,,,,,,,,,
528081,Vyšný Orlík,obec,67,,,,,,,,,,
527963,Vápeník,obec,67,,,,,,,,,,
527874,Šarbov,obec,67,,,,,,,,,,
527882,Šarišský Štiavnik,obec,67,,,,,,,,,,
527891,Šemetkovce,obec,67,,,,,,,,,,
527904,Štefurov,obec,67,,,,,,,,,,
519987,Železník,obec,67,,,,,,,,,,
519995,Želmanovce,obec,67,,,,,,,,,,
556220,Ardanovce,obec,30,,,,,,,,,,
542661,Belince,obec,30,,,,,,,,,,
542695,Biskupová,obec,30,,,,,,,,,,
542709,Blesovce,obec,30,,,,,,,,,,
542717,Bojná,obec,30,,,,,,,,,,
556165,Chrabrany,obec,30,,,,,,,,,,
556262,Dvorany nad Nitrou,obec,30,,,,,,,,,,
542881,Hajná Nová Ves,obec,30,,,,,,,,,,
556351,Horné Chlebany,obec,30,,,,,,,,,,
542938,Horné Obdokovce,obec,30,,,,,,,,,,
542954,Horné Štitáre,obec,30,,,,,,,,,,
542971,Hrušovany,obec,30,,,,,,,,,,
556157,Jacovce,obec,30,,,,,,,,,,
543039,Kamanová,obec,30,,,,,,,,,,
543063,Koniarovce,obec,30,,,,,,,,,,
543071,Kovarce,obec,30,,,,,,,,,,
543101,Krnča,obec,30,,,,,,,,,,
543110,Krtovce,obec,30,,,,,,,,,,
556149,Krušovce,obec,30,,,,,,,,,,
581704,Kuzmice,obec,30,,,,,,,,,,
505021,Lipovník,obec,30,,,,,,,,,,
505048,Ludanice,obec,30,,,,,,,,,,
505064,Lužany,obec,30,,,,,,,,,,
505137,Malé Ripňany,obec,30,,,,,,,,,,
505226,Nemečky,obec,30,,,,,,,,,,
581305,Nemčice,obec,30,,,,,,,,,,
505234,Nitrianska Blatnica,obec,30,,,,,,,,,,
505242,Nitrianska Streda,obec,30,,,,,,,,,,
505251,Norovce,obec,30,,,,,,,,,,
505285,Oponice,obec,30,,,,,,,,,,
556211,Orešany,obec,30,,,,,,,,,,
505340,Podhradie,obec,30,,,,,,,,,,
505374,Prašice,obec,30,,,,,,,,,,
505404,Preseľany,obec,30,,,,,,,,,,
581658,Práznovce,obec,30,,,,,,,,,,
505421,Radošina,obec,30,,,,,,,,,,
505439,Rajčany,obec,30,,,,,,,,,,
505498,Solčany,obec,30,,,,,,,,,,
556327,Solčianky,obec,30,,,,,,,,,,
556238,Svrbice,obec,30,,,,,,,,,,
505510,Súlovce,obec,30,,,,,,,,,,
505561,Tesáre,obec,30,,,,,,,,,,
504998,Topoľčany,mesto,30,,,,,,,,,,
580457,Tovarníky,obec,30,,,,,,,,,,
505617,Tvrdomestice,obec,30,,,,,,,,,,
505641,Urmince,obec,30,,,,,,,,,,
505749,Velušovce,obec,30,,,,,,,,,,
505676,Veľké Dvorany,obec,30,,,,,,,,,,
505714,Veľké Ripňany,obec,30,,,,,,,,,,
505757,Vozokany,obec,30,,,,,,,,,,
505773,Závada,obec,30,,,,,,,,,,
542792,Čermany,obec,30,,,,,,,,,,
556297,Čeľadince,obec,30,,,,,,,,,,
505536,Šalgovce,obec,30,,,,,,,,,,
528129,Bara,obec,79,,,,,,,,,,
528102,Bačka,obec,79,,,,,,,,,,
528111,Bačkov,obec,79,,,,,,,,,,
528145,Biel,obec,79,,,,,,,,,,
528170,Borša,obec,79,,,,,,,,,,
528161,Boľ,obec,79,,,,,,,,,,
528188,Boťany,obec,79,,,,,,,,,,
528200,Brehov,obec,79,,,,,,,,,,
528218,Brezina,obec,79,,,,,,,,,,
528226,Byšta,obec,79,,,,,,,,,,
528234,Cejkov,obec,79,,,,,,,,,,
528315,Dargov,obec,79,,,,,,,,,,
528323,Dobrá,obec,79,,,,,,,,,,
528340,Dvorianky,obec,79,,,,,,,,,,
528358,Egreš,obec,79,,,,,,,,,,
528366,Hraň,obec,79,,,,,,,,,,
528382,Hriadky,obec,79,,,,,,,,,,
528374,Hrčeľ,obec,79,,,,,,,,,,
528421,Kazimír,obec,79,,,,,,,,,,
528412,Kašov,obec,79,,,,,,,,,,
513831,Klin nad Bodrogom,obec,79,,,,,,,,,,
528439,Kožuchov,obec,79,,,,,,,,,,
528455,Kravany,obec,79,,,,,,,,,,
528447,Kráľovský Chlmec,mesto,79,,,,,,,,,,
528471,Kuzmice,obec,79,,,,,,,,,,
528480,Kysta,obec,79,,,,,,,,,,
528498,Ladmovce,obec,79,,,,,,,,,,
528501,Lastovce,obec,79,,,,,,,,,,
528510,Leles,obec,79,,,,,,,,,,
528528,Luhyňa,obec,79,,,,,,,,,,
513792,Malá Tŕňa,obec,79,,,,,,,,,,
528536,Malé Ozorovce,obec,79,,,,,,,,,,
528544,Malé Trakany,obec,79,,,,,,,,,,
528552,Malý Horeš,obec,79,,,,,,,,,,
528561,Malý Kamenec,obec,79,,,,,,,,,,
528587,Michaľany,obec,79,,,,,,,,,,
528609,Nižný Žipov,obec,79,,,,,,,,,,
528617,Novosad,obec,79,,,,,,,,,,
528625,Nový Ruskov,obec,79,,,,,,,,,,
528676,Parchovany,obec,79,,,,,,,,,,
528641,Plechotice,obec,79,,,,,,,,,,
528668,Poľany,obec,79,,,,,,,,,,
528684,Pribeník,obec,79,,,,,,,,,,
528706,Rad,obec,79,,,,,,,,,,
528722,Sečovce,mesto,79,,,,,,,,,,
543730,Sirník,obec,79,,,,,,,,,,
543748,Slivník,obec,79,,,,,,,,,,
543756,Slovenské Nové Mesto,obec,79,,,,,,,,,,
543772,Somotor,obec,79,,,,,,,,,,
543764,Soľnička,obec,79,,,,,,,,,,
543781,Stankovce,obec,79,,,,,,,,,,
513849,Stanča,obec,79,,,,,,,,,,
543802,Streda nad Bodrogom,obec,79,,,,,,,,,,
543799,Strážne,obec,79,,,,,,,,,,
543811,Svinice,obec,79,,,,,,,,,,
528650,Svätuše,obec,79,,,,,,,,,,
528153,Svätá Mária,obec,79,,,,,,,,,,
528099,Trebišov,mesto,79,,,,,,,,,,
543829,Trnávka,obec,79,,,,,,,,,,
543845,Veľaty,obec,79,,,,,,,,,,
513806,Veľká Tŕňa,obec,79,,,,,,,,,,
543861,Veľké Ozorovce,obec,79,,,,,,,,,,
543896,Veľké Trakany,obec,79,,,,,,,,,,
543900,Veľký Horeš,obec,79,,,,,,,,,,
543918,Veľký Kamenec,obec,79,,,,,,,,,,
543926,Viničky,obec,79,,,,,,,,,,
543934,Višňov,obec,79,,,,,,,,,,
543969,Vojka,obec,79,,,,,,,,,,
543951,Vojčice,obec,79,,,,,,,,,,
543977,Zatín,obec,79,,,,,,,,,,
543985,Zbehňov,obec,79,,,,,,,,,,
543993,Zemplín,obec,79,,,,,,,,,,
544001,Zemplínska Nová Ves,obec,79,,,,,,,,,,
544019,Zemplínska Teplica,obec,79,,,,,,,,,,
544027,Zemplínske Hradište,obec,79,,,,,,,,,,
544035,Zemplínske Jastrabie,obec,79,,,,,,,,,,
544043,Zemplínsky Branč,obec,79,,,,,,,,,,
528251,Čerhov,obec,79,,,,,,,,,,
528269,Černochov,obec,79,,,,,,,,,,
528242,Čeľovce,obec,79,,,,,,,,,,
528285,Čierna,obec,79,,,,,,,,,,
528293,Čierna nad Tisou,mesto,79,,,,,,,,,,
505838,Adamovské Kochanovce,obec,24,,,,,,,,,,
505854,Bobot,obec,24,,,,,,,,,,
506087,Chocholná-Velčice,obec,24,,,,,,,,,,
505935,Dolná Poruba,obec,24,,,,,,,,,,
505943,Dolná Súča,obec,24,,,,,,,,,,
505960,Drietoma,obec,24,,,,,,,,,,
505978,Dubodiel,obec,24,,,,,,,,,,
506010,Horná Súča,obec,24,,,,,,,,,,
506036,Horné Srnie,obec,24,,,,,,,,,,
506028,Horňany,obec,24,,,,,,,,,,
506044,Hrabovka,obec,24,,,,,,,,,,
506095,Ivanovce,obec,24,,,,,,,,,,
506133,Kostolná-Záriečie,obec,24,,,,,,,,,,
506168,Krivosúd-Bodovka,obec,24,,,,,,,,,,
545686,Melčice-Lieskové,obec,24,,,,,,,,,,
506231,Mníchova Lehota,obec,24,,,,,,,,,,
506273,Motešice,obec,24,,,,,,,,,,
506281,Nemšová,mesto,24,,,,,,,,,,
506290,Neporadza,obec,24,,,,,,,,,,
506354,Omšenie,obec,24,,,,,,,,,,
506371,Opatovce,obec,24,,,,,,,,,,
581348,Petrova Lehota,obec,24,,,,,,,,,,
506478,Selec,obec,24,,,,,,,,,,
546682,Skalka nad Váhom,obec,24,,,,,,,,,,
506508,Soblahov,obec,24,,,,,,,,,,
506532,Svinná,obec,24,,,,,,,,,,
506559,Trenčianska Teplá,obec,24,,,,,,,,,,
506567,Trenčianska Turná,obec,24,,,,,,,,,,
506591,Trenčianske Jastrabie,obec,24,,,,,,,,,,
506605,Trenčianske Mitice,obec,24,,,,,,,,,,
545741,Trenčianske Stankovce,obec,24,,,,,,,,,,
506613,Trenčianske Teplice,mesto,24,,,,,,,,,,
505820,Trenčín,mesto,24,,,,,,,,,,
506648,Veľká Hradná,obec,24,,,,,,,,,,
506656,Veľké Bierovce,obec,24,,,,,,,,,,
556475,Zamarovce,obec,24,,,,,,,,,,
506541,Štvrtok,obec,24,,,,,,,,,,
580473,Biely Kostol,obec,15,,,,,,,,,,
506796,Bohdanovce nad Trnavou,obec,15,,,,,,,,,,
506818,Boleráz,obec,15,,,,,,,,,,
506826,Borová,obec,15,,,,,,,,,,
506842,Brestovany,obec,15,,,,,,,,,,
506869,Buková,obec,15,,,,,,,,,,
506851,Bučany,obec,15,,,,,,,,,,
506788,Bíňovce,obec,15,,,,,,,,,,
506877,Cífer,obec,15,,,,,,,,,,
506893,Dechtice,obec,15,,,,,,,,,,
556599,Dlhá,obec,15,,,,,,,,,,
506915,Dobrá Voda,obec,15,,,,,,,,,,
506923,Dolná Krupá,obec,15,,,,,,,,,,
506931,Dolné Dubové,obec,15,,,,,,,,,,
556661,Dolné Lovčice,obec,15,,,,,,,,,,
506940,Dolné Orešany,obec,15,,,,,,,,,,
507041,Horná Krupá,obec,15,,,,,,,,,,
507059,Horné Dubové,obec,15,,,,,,,,,,
507067,Horné Orešany,obec,15,,,,,,,,,,
581020,Hrnčiarovce nad Parnou,obec,15,,,,,,,,,,
507156,Jaslovské Bohunice,obec,15,,,,,,,,,,
507211,Košolná,obec,15,,,,,,,,,,
556483,Križovany nad Dudváhom,obec,15,,,,,,,,,,
507164,Kátlovce,obec,15,,,,,,,,,,
556688,Lošonec,obec,15,,,,,,,,,,
507296,Majcichov,obec,15,,,,,,,,,,
507318,Malženice,obec,15,,,,,,,,,,
507351,Naháč,obec,15,,,,,,,,,,
556491,Opoj,obec,15,,,,,,,,,,
556556,Pavlice,obec,15,,,,,,,,,,
556653,Radošovce,obec,15,,,,,,,,,,
507512,Ružindol,obec,15,,,,,,,,,,
556564,Slovenská Nová Ves,obec,15,,,,,,,,,,
507555,Smolenice,obec,15,,,,,,,,,,
507571,Suchá nad Parnou,obec,15,,,,,,,,,,
506745,Trnava,mesto,15,,,,,,,,,,
507687,Trstín,obec,15,,,,,,,,,,
556513,Vlčkovce,obec,15,,,,,,,,,,
507741,Voderady,obec,15,,,,,,,,,,
507768,Zavar,obec,15,,,,,,,,,,
507776,Zeleneč,obec,15,,,,,,,,,,
581488,Zvončín,obec,15,,,,,,,,,,
556670,Šelpice,obec,15,,,,,,,,,,
507601,Špačince,obec,15,,,,,,,,,,
507636,Šúrovce,obec,15,,,,,,,,,,
512044,Abramová,obec,40,,,,,,,,,,
512087,Blažovce,obec,40,,,,,,,,,,
512095,Bodorová,obec,40,,,,,,,,,,
512109,Borcová,obec,40,,,,,,,,,,
512117,Brieštie,obec,40,,,,,,,,,,
512125,Budiš,obec,40,,,,,,,,,,
512222,Dubové,obec,40,,,,,,,,,,
512273,Horná Štubňa,obec,40,,,,,,,,,,
512265,Háj,obec,40,,,,,,,,,,
512303,Ivančiná,obec,40,,,,,,,,,,
512311,Jasenovo,obec,40,,,,,,,,,,
512320,Jazernica,obec,40,,,,,,,,,,
512338,Kaľamenová,obec,40,,,,,,,,,,
512427,Liešno,obec,40,,,,,,,,,,
512443,Malý Čepčín,obec,40,,,,,,,,,,
512451,Moškovec,obec,40,,,,,,,,,,
512460,Mošovce,obec,40,,,,,,,,,,
512494,Ondrašová,obec,40,,,,,,,,,,
512559,Rakša,obec,40,,,,,,,,,,
512575,Rudno,obec,40,,,,,,,,,,
512605,Sklené,obec,40,,,,,,,,,,
512621,Slovenské Pravno,obec,40,,,,,,,,,,
512699,Turček,obec,40,,,,,,,,,,
512729,Turčianske Teplice,mesto,40,,,,,,,,,,
512788,Veľký Čepčín,obec,40,,,,,,,,,,
512141,Čremošné,obec,40,,,,,,,,,,
509604,Brezovica,obec,41,,,,,,,,,,
509655,Habovka,obec,41,,,,,,,,,,
509663,Hladovka,obec,41,,,,,,,,,,
509795,Liesek,obec,41,,,,,,,,,,
509876,Nižná,obec,41,,,,,,,,,,
509949,Oravský Biely Potok,obec,41,,,,,,,,,,
509981,Podbiel,obec,41,,,,,,,,,,
510076,Suchá Hora,obec,41,,,,,,,,,,
510106,Trstená,mesto,41,,,,,,,,,,
510114,Tvrdošín,mesto,41,,,,,,,,,,
510173,Vitanová,obec,41,,,,,,,,,,
510238,Zuberec,obec,41,,,,,,,,,,
510190,Zábiedovo,obec,41,,,,,,,,,,
518719,Čimhová,obec,41,,,,,,,,,,
510084,Štefanov nad Oravou,obec,41,,,,,,,,,,
515868,Balog nad Ipľom,obec,52,,,,,,,,,,
515884,Brusník,obec,52,,,,,,,,,,
515892,Bušince,obec,52,,,,,,,,,,
515876,Bátorová,obec,52,,,,,,,,,,
516058,Chrastince,obec,52,,,,,,,,,,
516066,Chrťany,obec,52,,,,,,,,,,
515949,Dačov Lom,obec,52,,,,,,,,,,
515957,Dolinka,obec,52,,,,,,,,,,
515965,Dolná Strehová,obec,52,,,,,,,,,,
515973,Dolné Plachtince,obec,52,,,,,,,,,,
515981,Dolné Strháre,obec,52,,,,,,,,,,
516007,Glabušovce,obec,52,,,,,,,,,,
516015,Horná Strehová,obec,52,,,,,,,,,,
516023,Horné Plachtince,obec,52,,,,,,,,,,
516031,Horné Strháre,obec,52,,,,,,,,,,
516040,Hrušov,obec,52,,,,,,,,,,
516074,Ipeľské Predmostie,obec,52,,,,,,,,,,
516082,Kamenné Kosihy,obec,52,,,,,,,,,,
516091,Kiarov,obec,52,,,,,,,,,,
516104,Kleňany,obec,52,,,,,,,,,,
516112,Koláre,obec,52,,,,,,,,,,
516121,Kosihovce,obec,52,,,,,,,,,,
516139,Kosihy nad Ipľom,obec,52,,,,,,,,,,
516147,Kováčovce,obec,52,,,,,,,,,,
516155,Lesenice,obec,52,,,,,,,,,,
516171,Malá Čalomija,obec,52,,,,,,,,,,
558206,Malé Straciny,obec,52,,,,,,,,,,
516198,Malé Zlievce,obec,52,,,,,,,,,,
558192,Malý Krtíš,obec,52,,,,,,,,,,
516210,Modrý Kameň,mesto,52,,,,,,,,,,
516228,Muľa,obec,52,,,,,,,,,,
516236,Nenince,obec,52,,,,,,,,,,
516244,Nová Ves,obec,52,,,,,,,,,,
516252,Obeckov,obec,52,,,,,,,,,,
516261,Olováry,obec,52,,,,,,,,,,
516279,Opatovská Nová Ves,obec,52,,,,,,,,,,
516287,Opava,obec,52,,,,,,,,,,
516309,Pravica,obec,52,,,,,,,,,,
516317,Príbelce,obec,52,,,,,,,,,,
516295,Pôtor,obec,52,,,,,,,,,,
516368,Senné,obec,52,,,,,,,,,,
516333,Sečianky,obec,52,,,,,,,,,,
516341,Seľany,obec,52,,,,,,,,,,
516376,Sklabiná,obec,52,,,,,,,,,,
516392,Slovenské Kľačany,obec,52,,,,,,,,,,
516384,Slovenské Ďarmoty,obec,52,,,,,,,,,,
516406,Stredné Plachtince,obec,52,,,,,,,,,,
516414,Sucháň,obec,52,,,,,,,,,,
516422,Suché Brezovo,obec,52,,,,,,,,,,
516457,Trebušovce,obec,52,,,,,,,,,,
516473,Veľká Ves nad Ipľom,obec,52,,,,,,,,,,
516465,Veľká Čalomija,obec,52,,,,,,,,,,
558214,Veľké Straciny,obec,52,,,,,,,,,,
516490,Veľké Zlievce,obec,52,,,,,,,,,,
515850,Veľký Krtíš,mesto,52,,,,,,,,,,
516503,Veľký Lom,obec,52,,,,,,,,,,
516511,Vieska,obec,52,,,,,,,,,,
516520,Vinica,obec,52,,,,,,,,,,
516538,Vrbovka,obec,52,,,,,,,,,,
516562,Zombor,obec,52,,,,,,,,,,
516546,Záhorce,obec,52,,,,,,,,,,
516554,Závada,obec,52,,,,,,,,,,
515906,Čebovce,obec,52,,,,,,,,,,
515922,Čelovce,obec,52,,,,,,,,,,
515914,Čeláre,obec,52,,,,,,,,,,
515931,Červeňany,obec,52,,,,,,,,,,
515990,Ďurkovce,obec,52,,,,,,,,,,
516163,Ľuboriečka,obec,52,,,,,,,,,,
516431,Širákov,obec,52,,,,,,,,,,
516449,Šuľa,obec,52,,,,,,,,,,
516571,Želovce,obec,52,,,,,,,,,,
544060,Babie,obec,68,,,,,,,,,,
544078,Banské,obec,68,,,,,,,,,,
544086,Benkovce,obec,68,,,,,,,,,,
544094,Bystré,obec,68,,,,,,,,,,
544108,Cabov,obec,68,,,,,,,,,,
544159,Davidov,obec,68,,,,,,,,,,
544167,Detrík,obec,68,,,,,,,,,,
544175,Dlhé Klčovo,obec,68,,,,,,,,,,
544191,Giglovce,obec,68,,,,,,,,,,
544205,Girovce,obec,68,,,,,,,,,,
544213,Hanušovce nad Topľou,mesto,68,,,,,,,,,,
581674,Hencovce,obec,68,,,,,,,,,,
544221,Hermanovce nad Topľou,obec,68,,,,,,,,,,
544230,Hlinné,obec,68,,,,,,,,,,
528731,Holčíkovce,obec,68,,,,,,,,,,
528749,Jasenovce,obec,68,,,,,,,,,,
528757,Jastrabie nad Topľou,obec,68,,,,,,,,,,
528765,Juskova Voľa,obec,68,,,,,,,,,,
528773,Kamenná Poruba,obec,68,,,,,,,,,,
528781,Kladzany,obec,68,,,,,,,,,,
528790,Komárany,obec,68,,,,,,,,,,
528811,Kučín,obec,68,,,,,,,,,,
528820,Kvakovce,obec,68,,,,,,,,,,
528838,Majerovce,obec,68,,,,,,,,,,
528846,Malá Domaša,obec,68,,,,,,,,,,
528854,Matiaška,obec,68,,,,,,,,,,
528862,Medzianky,obec,68,,,,,,,,,,
528871,Merník,obec,68,,,,,,,,,,
528889,Michalok,obec,68,,,,,,,,,,
528901,Nižný Hrabovec,obec,68,,,,,,,,,,
528919,Nižný Hrušov,obec,68,,,,,,,,,,
528927,Nižný Kručov,obec,68,,,,,,,,,,
528935,Nová Kelča,obec,68,,,,,,,,,,
528943,Ondavské Matiašovce,obec,68,,,,,,,,,,
528960,Pavlovce,obec,68,,,,,,,,,,
528978,Petkovce,obec,68,,,,,,,,,,
528986,Petrovce,obec,68,,,,,,,,,,
528994,Piskorovce,obec,68,,,,,,,,,,
529001,Poša,obec,68,,,,,,,,,,
529028,Prosačov,obec,68,,,,,,,,,,
529036,Radvanovce,obec,68,,,,,,,,,,
529044,Rafajovce,obec,68,,,,,,,,,,
529052,Remeniny,obec,68,,,,,,,,,,
529079,Rudlov,obec,68,,,,,,,,,,
529109,Ruská Voľa,obec,68,,,,,,,,,,
529125,Sačurov,obec,68,,,,,,,,,,
529141,Sedliská,obec,68,,,,,,,,,,
529133,Sečovská Polianka,obec,68,,,,,,,,,,
529150,Skrabské,obec,68,,,,,,,,,,
529168,Slovenská Kajňa,obec,68,,,,,,,,,,
529176,Soľ,obec,68,,,,,,,,,,
529206,Tovarnianska Polianka,obec,68,,,,,,,,,,
529192,Tovarné,obec,68,,,,,,,,,,
529214,Vavrinec,obec,68,,,,,,,,,,
529222,Vechec,obec,68,,,,,,,,,,
529231,Vlača,obec,68,,,,,,,,,,
544051,Vranov nad Topľou,mesto,68,,,,,,,,,,
529117,Vyšný Kazimír,obec,68,,,,,,,,,,
529257,Vyšný Žipov,obec,68,,,,,,,,,,
529281,Zlatník,obec,68,,,,,,,,,,
529265,Zámutov,obec,68,,,,,,,,,,
544116,Čaklov,obec,68,,,,,,,,,,
544132,Čierne nad Topľou,obec,68,,,,,,,,,,
544124,Čičava,obec,68,,,,,,,,,,
544141,Ďapalovce,obec,68,,,,,,,,,,
544183,Ďurďoš,obec,68,,,,,,,,,,
529184,Štefanovce,obec,68,,,,,,,,,,
529290,Žalobín,obec,68,,,,,,,,,,
500062,Beladice,obec,31,,,,,,,,,,
500321,Choča,obec,31,,,,,,,,,,
500283,Hostie,obec,31,,,,,,,,,,
500305,Hosťovce,obec,31,,,,,,,,,,
500364,Jedľové Kostoľany,obec,31,,,,,,,,,,
500429,Kostoľany pod Tribečom,obec,31,,,,,,,,,,
500437,Ladice,obec,31,,,,,,,,,,
500461,Lovce,obec,31,,,,,,,,,,
500500,Machulince,obec,31,,,,,,,,,,
555924,Malé Vozokany,obec,31,,,,,,,,,,
500542,Mankovce,obec,31,,,,,,,,,,
500551,Martin nad Žitavou,obec,31,,,,,,,,,,
500585,Nemčiňany,obec,31,,,,,,,,,,
500593,Neverice,obec,31,,,,,,,,,,
500607,Nevidzany,obec,31,,,,,,,,,,
500658,Obyce,obec,31,,,,,,,,,,
500721,Skýcov,obec,31,,,,,,,,,,
500755,Slepčany,obec,31,,,,,,,,,,
500747,Sľažany,obec,31,,,,,,,,,,
517305,Tekovské Nemce,obec,31,,,,,,,,,,
500810,Tesárske Mlyňany,obec,31,,,,,,,,,,
500828,Topoľčianky,obec,31,,,,,,,,,,
500836,Velčice,obec,31,,,,,,,,,,
555932,Veľké Vozokany,obec,31,,,,,,,,,,
500909,Vieska nad Žitavou,obec,31,,,,,,,,,,
500925,Volkovce,obec,31,,,,,,,,,,
500976,Zlatno,obec,31,,,,,,,,,,
500968,Zlaté Moravce,mesto,31,,,,,,,,,,
500127,Čaradice,obec,31,,,,,,,,,,
555916,Červený Hrádok,obec,31,,,,,,,,,,
500151,Čierne Kľačany,obec,31,,,,,,,,,,
500984,Žikava,obec,31,,,,,,,,,,
582816,Žitavany,obec,31,,,,,,,,,,
518166,Babiná,obec,53,,,,,,,,,,
518174,Bacúrov,obec,53,,,,,,,,,,
518191,Breziny,obec,53,,,,,,,,,,
518204,Budča,obec,53,,,,,,,,,,
518221,Bzovská Lehôtka,obec,53,,,,,,,,,,
518298,Dobrá Niva,obec,53,,,,,,,,,,
518361,Dubové,obec,53,,,,,,,,,,
518476,Hronská Breznica,obec,53,,,,,,,,,,
518506,Kováčová,obec,53,,,,,,,,,,
518581,Lešť,vojensky_obvod,53,,,,,,,,,,
558133,Lieskovec,obec,53,,,,,,,,,,
558087,Lukavica,obec,53,,,,,,,,,,
518654,Michalková,obec,53,,,,,,,,,,
518671,Ostrá Lúka,obec,53,,,,,,,,,,
518662,Očová,obec,53,,,,,,,,,,
518689,Pliešovce,obec,53,,,,,,,,,,
518697,Podzámčok,obec,53,,,,,,,,,,
518760,Sielnica,obec,53,,,,,,,,,,
518808,Sliač,mesto,53,,,,,,,,,,
518727,Sása,obec,53,,,,,,,,,,
518891,Turová,obec,53,,,,,,,,,,
518875,Tŕnie,obec,53,,,,,,,,,,
581585,Veľká Lúka,obec,53,,,,,,,,,,
518158,Zvolen,mesto,53,,,,,,,,,,
518972,Zvolenská Slatina,obec,53,,,,,,,,,,
518981,Železná Breznica,obec,53,,,,,,,,,,
509167,Dlhá nad Kysucou,obec,33,,,,,,,,,,
509183,Dunajov,obec,33,,,,,,,,,,
509213,Klokočov,obec,33,,,,,,,,,,
509221,Klubina,obec,33,,,,,,,,,,
509230,Korňa,obec,33,,,,,,,,,,
509248,Krásno nad Kysucou,mesto,33,,,,,,,,,,
509299,Makov,obec,33,,,,,,,,,,
509311,Nová Bystrica,obec,33,,,,,,,,,,
509337,Olešná,obec,33,,,,,,,,,,
509345,Oščadnica,obec,33,,,,,,,,,,
509361,Podvysoká,obec,33,,,,,,,,,,
509396,Radôstka,obec,33,,,,,,,,,,
509400,Raková,obec,33,,,,,,,,,,
509451,Skalité,obec,33,,,,,,,,,,
509477,Stará Bystrica,obec,33,,,,,,,,,,
509485,Staškov,obec,33,,,,,,,,,,
509493,Svrčinovec,obec,33,,,,,,,,,,
509507,Turzovka,mesto,33,,,,,,,,,,
509515,Vysoká nad Kysucou,obec,33,,,,,,,,,,
509531,Zborov nad Bystricou,obec,33,,,,,,,,,,
509523,Zákopčie,obec,33,,,,,,,,,,
509132,Čadca,mesto,33,,,,,,,,,,
509159,Čierne,obec,33,,,,,,,,,,
503711,Diakovce,obec,29,,,,,,,,,,
503720,Dlhá nad Váhom,obec,29,,,,,,,,,,
555878,Horná Kráľová,obec,29,,,,,,,,,,
500241,Hájske,obec,29,,,,,,,,,,
503886,Kráľová nad Váhom,obec,29,,,,,,,,,,
500739,Močenok,obec,29,,,,,,,,,,
503932,Neded,obec,29,,,,,,,,,,
503991,Selice,obec,29,,,,,,,,,,
504068,Tešedíkovo,obec,29,,,,,,,,,,
504092,Trnovec nad Váhom,obec,29,,,,,,,,,,
504165,Vlčany,obec,29,,,,,,,,,,
504025,Šaľa,mesto,29,,,,,,,,,,
504190,Žihárec,obec,29,,,,,,,,,,
581607,Brehy,obec,54,,,,,,,,,,
516759,Hodruša-Hámre,obec,54,,,,,,,,,,
516805,Horné Hámre,obec,54,,,,,,,,,,
516813,Hrabičov,obec,54,,,,,,,,,,
516830,Hronský Beňadik,obec,54,,,,,,,,,,
516902,Kľak,obec,54,,,,,,,,,,
517062,Malá Lehota,obec,54,,,,,,,,,,
517097,Nová Baňa,mesto,54,,,,,,,,,,
580546,Orovnica,obec,54,,,,,,,,,,
517119,Ostrý Grúň,obec,54,,,,,,,,,,
517127,Píla,obec,54,,,,,,,,,,
517232,Rudno nad Hronom,obec,54,,,,,,,,,,
517291,Tekovská Breznica,obec,54,,,,,,,,,,
517330,Veľká Lehota,obec,54,,,,,,,,,,
517348,Veľké Pole,obec,54,,,,,,,,,,
517356,Voznica,obec,54,,,,,,,,,,
517381,Žarnovica,mesto,54,,,,,,,,,,
517399,Župkov,obec,54,,,,,,,,,,
516660,Bartošova Lehôtka,obec,55,,,,,,,,,,
516708,Bzenica,obec,55,,,,,,,,,,
516724,Dolná Trnávka,obec,55,,,,,,,,,,
516732,Dolná Ves,obec,55,,,,,,,,,,
516741,Dolná Ždaňa,obec,55,,,,,,,,,,
516767,Hliník nad Hronom,obec,55,,,,,,,,,,
581747,Horná Ves,obec,55,,,,,,,,,,
516791,Horná Ždaňa,obec,55,,,,,,,,,,
516821,Hronská Dúbrava,obec,55,,,,,,,,,,
516848,Ihráč,obec,55,,,,,,,,,,
516872,Janova Lehota,obec,55,,,,,,,,,,
516881,Jastrabá,obec,55,,,,,,,,,,
516937,Kopernica,obec,55,,,,,,,,,,
516945,Kosorín,obec,55,,,,,,,,,,
516961,Krahule,obec,55,,,,,,,,,,
516970,Kremnica,mesto,55,,,,,,,,,,
516988,Kremnické Bane,obec,55,,,,,,,,,,
516996,Kunešov,obec,55,,,,,,,,,,
599328,Ladomerská Vieska,obec,55,,,,,,,,,,
517011,Lehôtka pod Brehmi,obec,55,,,,,,,,,,
517020,Lovča,obec,55,,,,,,,,,,
517038,Lovčica-Trubín,obec,55,,,,,,,,,,
599336,Lutila,obec,55,,,,,,,,,,
517046,Lúčky,obec,55,,,,,,,,,,
517089,Nevoľné,obec,55,,,,,,,,,,
517135,Pitelová,obec,55,,,,,,,,,,
517186,Prestavlky,obec,55,,,,,,,,,,
517194,Prochot,obec,55,,,,,,,,,,
517216,Repište,obec,55,,,,,,,,,,
517241,Sklené Teplice,obec,55,,,,,,,,,,
517259,Slaská,obec,55,,,,,,,,,,
517267,Stará Kremnička,obec,55,,,,,,,,,,
517313,Trnavá Hora,obec,55,,,,,,,,,,
517364,Vyhne,obec,55,,,,,,,,,,
516589,Žiar nad Hronom,mesto,55,,,,,,,,,,
517429,Belá,obec,42,,,,,,,,,,
547522,Bitarová,obec,42,,,,,,,,,,
547557,Brezany,obec,42,,,,,,,,,,
517488,Divina,obec,42,,,,,,,,,,
517496,Divinka,obec,42,,,,,,,,,,
517500,Dlhé Pole,obec,42,,,,,,,,,,
517518,Dolná Tižina,obec,42,,,,,,,,,,
517526,Dolný Hričov,obec,42,,,,,,,,,,
517542,Fačkov,obec,42,,,,,,,,,,
517551,Gbeľany,obec,42,,,,,,,,,,
517593,Horný Hričov,obec,42,,,,,,,,,,
547590,Hričovské Podhradie,obec,42,,,,,,,,,,
517577,Hôrky,obec,42,,,,,,,,,,
517640,Jasenové,obec,42,,,,,,,,,,
517658,Kamenná Poruba,obec,42,,,,,,,,,,
517682,Konská,obec,42,,,,,,,,,,
517704,Kotrčiná Lúčka,obec,42,,,,,,,,,,
517712,Krasňany,obec,42,,,,,,,,,,
517721,Kunerad,obec,42,,,,,,,,,,
557994,Kľače,obec,42,,,,,,,,,,
517739,Lietava,obec,42,,,,,,,,,,
557935,Lietavská Lúčka,obec,42,,,,,,,,,,
517755,Lietavská Svinná-Babkov,obec,42,,,,,,,,,,
517763,Lutiše,obec,42,,,,,,,,,,
517771,Lysica,obec,42,,,,,,,,,,
517780,Malá Čierna,obec,42,,,,,,,,,,
517801,Mojš,obec,42,,,,,,,,,,
517828,Nededza,obec,42,,,,,,,,,,
558168,Nezbudská Lúčka,obec,42,,,,,,,,,,
547611,Ovčiarsko,obec,42,,,,,,,,,,
547620,Paština Závada,obec,42,,,,,,,,,,
517879,Podhorie,obec,42,,,,,,,,,,
557960,Porúbka,obec,42,,,,,,,,,,
517917,Rajec,mesto,42,,,,,,,,,,
517925,Rajecká Lesná,obec,42,,,,,,,,,,
517933,Rajecké Teplice,mesto,42,,,,,,,,,,
517941,Rosina,obec,42,,,,,,,,,,
517984,Strečno,obec,42,,,,,,,,,,
517968,Stránske,obec,42,,,,,,,,,,
517950,Stráňavy,obec,42,,,,,,,,,,
517976,Stráža,obec,42,,,,,,,,,,
518000,Svederník,obec,42,,,,,,,,,,
518034,Teplička nad Váhom,obec,42,,,,,,,,,,
518042,Terchová,obec,42,,,,,,,,,,
518051,Turie,obec,42,,,,,,,,,,
518069,Varín,obec,42,,,,,,,,,,
518077,Veľká Čierna,obec,42,,,,,,,,,,
518093,Višňové,obec,42,,,,,,,,,,
518131,Zbyňov,obec,42,,,,,,,,,,
517470,Čičmany,obec,42,,,,,,,,,,
557986,Ďurčiná,obec,42,,,,,,,,,,
581712,Šuja,obec,42,,,,,,,,,,
517402,Žilina,mesto,42,,,,,,,,,,
529000,Bratislava,mesto,,,,,,,,,,,
599000,Košice,mesto,,,,,,,,,,,
